problem_id,athlete,attempt,seq,limb,hold
WCF2025_W1,ERIN MCNEICE,1,1,LH,H2-1
WCF2025_W1,ERIN MCNEICE,1,1,RH,H4-2
WCF2025_W1,ERIN MCNEICE,1,1,LL,H1-2
WCF2025_W1,ERIN MCNEICE,1,1,RL,H1-2
WCF2025_W1,ERIN MCNEICE,1,2,RL,H4-4
WCF2025_W1,ERIN MCNEICE,1,2,RH,H6-0
WCF2025_W1,ERIN MCNEICE,1,2,LH,H5-3
WCF2025_W1,ERIN MCNEICE,1,2,RL,H2-3
WCF2025_W1,ERIN MCNEICE,1,3,RH,H7-2
WCF2025_W1,ERIN MCNEICE,1,3,LH,H7-2
WCF2025_W1,ERIN MCNEICE,1,3,RL,H5-2
WCF2025_W1,ERIN MCNEICE,1,4,RH,H10-4
WCF2025_W1,ERIN MCNEICE,1,4,LL,H5-2
WCF2025_W1,ERIN MCNEICE,1,4,RL,H9-3
WCF2025_W1,ERIN MCNEICE,1,4,LL,H7-2
WCF2025_W1,ERIN MCNEICE,1,4,LH,H10-4
WCF2025_W1,ERIN MCNEICE,1,4,RH,H11-0
WCF2025_W1,ERIN MCNEICE,1,4,RL,H9-1
WCF2025_W1,ERIN MCNEICE,1,5,LL,H9-1
WCF2025_W1,ERIN MCNEICE,1,5,LL,H10-4
WCF2025_W1,ERIN MCNEICE,1,5,LH,H12-2
WCF2025_W1,ERIN MCNEICE,1,5,RH,H12-2
WCF2025_W1,ERIN MCNEICE,1,5,RL,H9-2
WCF2025_W1,ERIN MCNEICE,1,5,LL,H9-2
WCF2025_W1,AGATHE CALLIET,1,1,LH,H2-1
WCF2025_W1,AGATHE CALLIET,1,1,RH,H4-2
WCF2025_W1,AGATHE CALLIET,1,1,LL,H1-2
WCF2025_W1,AGATHE CALLIET,1,1,RL,H1-2
WCF2025_W1,AGATHE CALLIET,1,2,RL,H4-2
WCF2025_W1,AGATHE CALLIET,1,2,RH,H6-0
WCF2025_W1,AGATHE CALLIET,1,2,LL,H2-3
WCF2025_W1,AGATHE CALLIET,1,2,LH,H5-3
WCF2025_W1,AGATHE CALLIET,1,2,RL,H2-3
WCF2025_W1,AGATHE CALLIET,2,1,LH,H2-1
WCF2025_W1,AGATHE CALLIET,2,1,RH,H4-2
WCF2025_W1,AGATHE CALLIET,2,1,LL,H1-2
WCF2025_W1,AGATHE CALLIET,2,1,RL,H1-2
WCF2025_W1,AGATHE CALLIET,2,1,RL,H4-2
WCF2025_W1,AGATHE CALLIET,2,2,RH,H6-0
WCF2025_W1,AGATHE CALLIET,2,2,LH,H5-3
WCF2025_W1,AGATHE CALLIET,2,2,RL,H2-1
WCF2025_W1,AGATHE CALLIET,3,1,LH,H2-1
WCF2025_W1,AGATHE CALLIET,3,1,RH,H4-2
WCF2025_W1,AGATHE CALLIET,3,1,LL,H1-2
WCF2025_W1,AGATHE CALLIET,3,1,RL,H1-2
WCF2025_W1,AGATHE CALLIET,3,2,RL,H4-4
WCF2025_W1,AGATHE CALLIET,3,2,RH,H6-0
WCF2025_W1,AGATHE CALLIET,3,2,LL,H2-3
WCF2025_W1,AGATHE CALLIET,3,2,LH,H5-3
WCF2025_W1,AGATHE CALLIET,3,2,RL,H2-3
WCF2025_W1,AGATHE CALLIET,4,1,LH,H2-1
WCF2025_W1,AGATHE CALLIET,4,1,RH,H4-2
WCF2025_W1,AGATHE CALLIET,4,1,LL,H1-2
WCF2025_W1,AGATHE CALLIET,4,1,RL,H1-2
WCF2025_W1,AGATHE CALLIET,4,2,RL,H4-4
WCF2025_W1,AGATHE CALLIET,4,2,RH,H6-0
WCF2025_W1,AGATHE CALLIET,4,2,LL,H2-3
WCF2025_W1,AGATHE CALLIET,4,2,LH,H5-3
WCF2025_W1,AGATHE CALLIET,4,2,RL,H2-3
WCF2025_W1,AGATHE CALLIET,5,1,LH,H2-1
WCF2025_W1,AGATHE CALLIET,5,1,RH,H4-2
WCF2025_W1,AGATHE CALLIET,5,1,LL,H1-2
WCF2025_W1,AGATHE CALLIET,5,1,RL,H1-2
WCF2025_W1,AGATHE CALLIET,5,2,RL,H4-4
WCF2025_W1,AGATHE CALLIET,5,2,RH,H6-0
WCF2025_W1,AGATHE CALLIET,5,2,LH,H5-3
WCF2025_W1,AGATHE CALLIET,6,1,LH,H2-1
WCF2025_W1,AGATHE CALLIET,6,1,RH,H4-2
WCF2025_W1,AGATHE CALLIET,6,1,LL,H1-2
WCF2025_W1,AGATHE CALLIET,6,1,RL,H1-2
WCF2025_W1,AGATHE CALLIET,6,2,RL,H4-4
WCF2025_W1,AGATHE CALLIET,6,2,RH,H6-0
WCF2025_W1,AGATHE CALLIET,6,2,LH,H5-3
WCF2025_W1,AGATHE CALLIET,7,1,LH,H2-1
WCF2025_W1,AGATHE CALLIET,7,1,RH,H4-2
WCF2025_W1,AGATHE CALLIET,7,1,LL,H1-2
WCF2025_W1,AGATHE CALLIET,7,1,RL,H1-2
WCF2025_W1,AGATHE CALLIET,7,2,RL,H4-4
WCF2025_W1,AGATHE CALLIET,7,2,RH,H6-0
WCF2025_W1,AGATHE CALLIET,7,2,LH,H5-3
WCF2025_W1,AGATHE CALLIET,7,2,RL,H2-3
WCF2025_W1,ANNIE SANDERS,1,1,LH,H2-1
WCF2025_W1,ANNIE SANDERS,1,1,RH,H4-2
WCF2025_W1,ANNIE SANDERS,1,1,LL,H1-2
WCF2025_W1,ANNIE SANDERS,1,1,RL,H1-2
WCF2025_W1,ANNIE SANDERS,1,2,RL,H4-4
WCF2025_W1,ANNIE SANDERS,1,2,RH,H6-0
WCF2025_W1,ANNIE SANDERS,1,2,LL,H2-3
WCF2025_W1,ANNIE SANDERS,1,2,LH,H5-3
WCF2025_W1,ANNIE SANDERS,1,2,RL,H2-3
WCF2025_W1,ANNIE SANDERS,1,2,LL,H2-3
WCF2025_W1,ANNIE SANDERS,1,2,RL,H2-4
WCF2025_W1,ANNIE SANDERS,1,2,RL,H2-3
WCF2025_W1,ANNIE SANDERS,1,2,LL,H2-3
WCF2025_W1,ANNIE SANDERS,1,2,RL,H2-3
WCF2025_W1,ANNIE SANDERS,2,1,LH,H2-1
WCF2025_W1,ANNIE SANDERS,2,1,RH,H4-2
WCF2025_W1,ANNIE SANDERS,2,1,LL,H1-2
WCF2025_W1,ANNIE SANDERS,2,1,RL,H1-2
WCF2025_W1,ANNIE SANDERS,2,2,RL,H4-4
WCF2025_W1,ANNIE SANDERS,2,2,RH,H6-0
WCF2025_W1,ANNIE SANDERS,2,2,LL,H2-3
WCF2025_W1,ANNIE SANDERS,2,2,LH,H5-3
WCF2025_W1,ANNIE SANDERS,2,2,RL,H2-3
WCF2025_W1,ANNIE SANDERS,2,2,RH,H5-2
WCF2025_W1,ANNIE SANDERS,3,1,LH,H2-1
WCF2025_W1,ANNIE SANDERS,3,1,RH,H4-2
WCF2025_W1,ANNIE SANDERS,3,1,LL,H1-2
WCF2025_W1,ANNIE SANDERS,3,1,RL,H1-2
WCF2025_W1,ANNIE SANDERS,3,2,RL,H4-4
WCF2025_W1,ANNIE SANDERS,3,2,RH,H6-0
WCF2025_W1,ANNIE SANDERS,3,2,LL,H2-3
WCF2025_W1,ANNIE SANDERS,3,2,LH,H5-3
WCF2025_W1,ANNIE SANDERS,3,3,LL,H7-2
WCF2025_W1,ANNIE SANDERS,3,3,RL,H2-3
WCF2025_W1,ANNIE SANDERS,3,3,LL,H2-3
WCF2025_W1,ANNIE SANDERS,3,3,RL,H2-3
WCF2025_W1,ANNIE SANDERS,4,1,LH,H2-1
WCF2025_W1,ANNIE SANDERS,4,1,RH,H4-2
WCF2025_W1,ANNIE SANDERS,4,1,LL,H1-2
WCF2025_W1,ANNIE SANDERS,4,1,RL,H1-2
WCF2025_W1,ANNIE SANDERS,4,2,RL,H4-4
WCF2025_W1,ANNIE SANDERS,4,2,RH,H6-0
WCF2025_W1,ANNIE SANDERS,4,2,LL,H2-3
WCF2025_W1,ANNIE SANDERS,4,2,LH,H5-3
WCF2025_W1,ANNIE SANDERS,4,2,RL,H2-3
WCF2025_W1,ANNIE SANDERS,4,3,LH,H7-4
WCF2025_W1,ANNIE SANDERS,4,3,LL,H5-3
WCF2025_W1,ANNIE SANDERS,4,3,RH,H7-2
WCF2025_W1,ANNIE SANDERS,4,3,RL,H5-2
WCF2025_W1,ANNIE SANDERS,4,4,RH,H10-4
WCF2025_W1,ANNIE SANDERS,4,4,LL,H5-2
WCF2025_W1,ANNIE SANDERS,4,4,RL,H9-3
WCF2025_W1,ANNIE SANDERS,4,4,LL,H7-2
WCF2025_W1,ANNIE SANDERS,4,4,LH,H10-2
WCF2025_W1,ANNIE SANDERS,4,4,RH,H11-0
WCF2025_W1,ANNIE SANDERS,4,4,LL,H9-4
WCF2025_W1,ANNIE SANDERS,4,4,RL,H9-1
WCF2025_W1,ANNIE SANDERS,4,4,LL,H10-4
WCF2025_W1,ANNIE SANDERS,4,4,LH,H12-2
WCF2025_W1,ANNIE SANDERS,4,4,RH,H12-2
WCF2025_W1,NATALIA GROSSMAN,1,1,LH,H2-1
WCF2025_W1,NATALIA GROSSMAN,1,1,RH,H4-2
WCF2025_W1,NATALIA GROSSMAN,1,1,LL,H1-2
WCF2025_W1,NATALIA GROSSMAN,1,1,RL,H1-2
WCF2025_W1,NATALIA GROSSMAN,1,2,RL,H4-4
WCF2025_W1,NATALIA GROSSMAN,1,2,RH,H6-0
WCF2025_W1,NATALIA GROSSMAN,1,2,LH,H5-3
WCF2025_W1,NATALIA GROSSMAN,1,2,RL,H2-3
WCF2025_W1,NATALIA GROSSMAN,1,2,RL,H2-1
WCF2025_W1,NATALIA GROSSMAN,1,3,RH,H7-2
WCF2025_W1,NATALIA GROSSMAN,1,3,LH,H7-2
WCF2025_W1,NATALIA GROSSMAN,1,3,RL,H5-1
WCF2025_W1,NATALIA GROSSMAN,1,3,LL,H5-3
WCF2025_W1,NATALIA GROSSMAN,1,4,RH,H10-4
WCF2025_W1,NATALIA GROSSMAN,1,4,LL,H5-1
WCF2025_W1,NATALIA GROSSMAN,1,4,RL,H9-4
WCF2025_W1,NATALIA GROSSMAN,1,4,LL,H7-2
WCF2025_W1,NATALIA GROSSMAN,1,4,LH,H10-2
WCF2025_W1,NATALIA GROSSMAN,1,4,RH,H11-0
WCF2025_W1,NATALIA GROSSMAN,1,4,LL,H9-3
WCF2025_W1,NATALIA GROSSMAN,1,4,RL,H9-2
WCF2025_W1,NATALIA GROSSMAN,1,4,LL,H10-4
WCF2025_W1,NATALIA GROSSMAN,1,5,LH,H12-2
WCF2025_W1,NATALIA GROSSMAN,1,5,RH,H12-2
WCF2025_W1,NATALIA GROSSMAN,1,5,RL,H9-2
WCF2025_W1,NATALIA GROSSMAN,1,5,LL,H9-2
WCF2025_W1,ZELIA AVEZOU,1,1,LH,H2-1
WCF2025_W1,ZELIA AVEZOU,1,1,RH,H4-2
WCF2025_W1,ZELIA AVEZOU,1,1,LL,H1-2
WCF2025_W1,ZELIA AVEZOU,1,1,RL,H1-2
WCF2025_W1,ZELIA AVEZOU,1,2,RL,H4-4
WCF2025_W1,ZELIA AVEZOU,1,2,RH,H6-0
WCF2025_W1,ZELIA AVEZOU,1,2,LH,H5-3
WCF2025_W1,ZELIA AVEZOU,1,2,RL,H2-3
WCF2025_W1,ZELIA AVEZOU,1,3,RH,H7-2
WCF2025_W1,ZELIA AVEZOU,1,3,LH,H7-2
WCF2025_W1,ZELIA AVEZOU,1,3,RL,H5-2
WCF2025_W1,ZELIA AVEZOU,1,4,RH,H10-4
WCF2025_W1,ZELIA AVEZOU,1,4,LL,H5-2
WCF2025_W1,ZELIA AVEZOU,1,4,RL,H9-4
WCF2025_W1,ZELIA AVEZOU,1,4,LL,H7-2
WCF2025_W1,ZELIA AVEZOU,1,4,LH,H10-4
WCF2025_W1,ZELIA AVEZOU,1,4,LL,H9-4
WCF2025_W1,ZELIA AVEZOU,1,4,LL,H7-2
WCF2025_W1,ZELIA AVEZOU,2,1,LH,H2-1
WCF2025_W1,ZELIA AVEZOU,2,1,RH,H4-2
WCF2025_W1,ZELIA AVEZOU,2,1,LL,H1-2
WCF2025_W1,ZELIA AVEZOU,2,1,RL,H1-2
WCF2025_W1,ZELIA AVEZOU,2,2,RL,H4-4
WCF2025_W1,ZELIA AVEZOU,2,2,RH,H6-0
WCF2025_W1,ZELIA AVEZOU,2,2,LL,H5-3
WCF2025_W1,ZELIA AVEZOU,2,2,RL,H2-3
WCF2025_W1,ZELIA AVEZOU,2,3,RH,H7-2
WCF2025_W1,ZELIA AVEZOU,2,3,LH,H7-2
WCF2025_W1,ZELIA AVEZOU,2,3,RL,H5-2
WCF2025_W1,ZELIA AVEZOU,2,4,RH,H10-4
WCF2025_W1,ZELIA AVEZOU,2,4,LL,H5-1
WCF2025_W1,ZELIA AVEZOU,2,4,RL,H9-3
WCF2025_W1,ZELIA AVEZOU,2,4,LL,H7-2
WCF2025_W1,ZELIA AVEZOU,2,4,LH,H10-4
WCF2025_W1,ZELIA AVEZOU,2,5,RH,H11-0
WCF2025_W1,ZELIA AVEZOU,2,5,LL,H9-4
WCF2025_W1,ZELIA AVEZOU,2,5,RL,H9-2
WCF2025_W1,ZELIA AVEZOU,2,5,LL,H10-4
WCF2025_W1,ZELIA AVEZOU,2,6,LH,H12-2
WCF2025_W1,ZELIA AVEZOU,2,6,RH,H12-2
WCF2025_W1,ZELIA AVEZOU,2,6,RL,H9-2
WCF2025_W1,ZELIA AVEZOU,2,6,LL,H9-2
WCF2025_W1,MIHO NONAKA,1,1,LH,H2-1
WCF2025_W1,MIHO NONAKA,1,1,RH,H4-2
WCF2025_W1,MIHO NONAKA,1,1,LL,H1-2
WCF2025_W1,MIHO NONAKA,1,1,RL,H1-2
WCF2025_W1,MIHO NONAKA,1,2,RL,H4-4
WCF2025_W1,MIHO NONAKA,1,2,RH,H6-0
WCF2025_W1,MIHO NONAKA,1,2,LH,H5-3
WCF2025_W1,MIHO NONAKA,1,2,RL,H2-1
WCF2025_W1,MIHO NONAKA,1,3,RH,H7-2
WCF2025_W1,MIHO NONAKA,1,3,RL,H8-3
WCF2025_W1,MIHO NONAKA,1,3,LH,H7-2
WCF2025_W1,MIHO NONAKA,1,3,RL,H5-2
WCF2025_W1,MIHO NONAKA,1,4,RH,H10-4
WCF2025_W1,MIHO NONAKA,1,4,RL,H8-1
WCF2025_W1,MIHO NONAKA,1,4,LL,H7-2
WCF2025_W1,MIHO NONAKA,1,4,LH,H10-2
WCF2025_W1,MIHO NONAKA,1,4,RL,H9-4
WCF2025_W1,MIHO NONAKA,1,5,RH,H11-0
WCF2025_W1,MIHO NONAKA,1,5,LL,H8-1
WCF2025_W1,MIHO NONAKA,2,1,LH,H2-1
WCF2025_W1,MIHO NONAKA,2,1,RH,H4-2
WCF2025_W1,MIHO NONAKA,2,1,LL,H1-2
WCF2025_W1,MIHO NONAKA,2,1,RL,H1-2
WCF2025_W1,MIHO NONAKA,2,2,RL,H4-4
WCF2025_W1,MIHO NONAKA,2,2,RH,H6-0
WCF2025_W1,MIHO NONAKA,2,2,LH,H5-3
WCF2025_W1,MIHO NONAKA,2,2,RL,H2-1
WCF2025_W1,MIHO NONAKA,2,3,RH,H7-2
WCF2025_W1,MIHO NONAKA,2,3,RL,H5-2
WCF2025_W1,MIHO NONAKA,2,3,LH,H7-2
WCF2025_W1,MIHO NONAKA,2,4,RH,H10-4
WCF2025_W1,MIHO NONAKA,2,4,RL,H8-1
WCF2025_W1,MIHO NONAKA,2,4,LL,H7-2
WCF2025_W1,MIHO NONAKA,2,4,LH,H10-2
WCF2025_W1,MIHO NONAKA,2,4,RL,H9-4
WCF2025_W1,MIHO NONAKA,2,5,RH,H11-0
WCF2025_W1,MIHO NONAKA,2,5,RH,H12-2
WCF2025_W1,MIHO NONAKA,2,5,LL,H9-1
WCF2025_W1,MIHO NONAKA,2,5,LH,H12-2
WCF2025_W1,MIHO NONAKA,2,5,RL,H9-2
WCF2025_M1,DOHYUN LEE,1,1,RH,H3-1
WCF2025_M1,DOHYUN LEE,1,1,LH,H3-1
WCF2025_M1,DOHYUN LEE,1,1,RL,H1-2
WCF2025_M1,DOHYUN LEE,1,1,LL,H1-2
WCF2025_M1,DOHYUN LEE,1,2,LH,H4-4
WCF2025_M1,DOHYUN LEE,1,2,RL,H3-3
WCF2025_M1,DOHYUN LEE,1,2,RH,H4-4
WCF2025_M1,DOHYUN LEE,1,2,LL,H3-3
WCF2025_M1,DOHYUN LEE,1,3,LH,H6-0
WCF2025_M1,DOHYUN LEE,1,3,LL,H2-0
WCF2025_M1,DOHYUN LEE,1,4,LH,H7-0
WCF2025_M1,DOHYUN LEE,1,4,RH,H6-0
WCF2025_M1,DOHYUN LEE,1,4,RL,H4-4
WCF2025_M1,DOHYUN LEE,1,5,RH,H8-0
WCF2025_M1,DOHYUN LEE,2,1,RH,H3-1
WCF2025_M1,DOHYUN LEE,2,1,LH,H3-1
WCF2025_M1,DOHYUN LEE,2,1,RL,H1-2
WCF2025_M1,DOHYUN LEE,2,1,LL,H1-2
WCF2025_M1,DOHYUN LEE,2,2,LH,H4-4
WCF2025_M1,DOHYUN LEE,2,2,RL,H3-3
WCF2025_M1,DOHYUN LEE,2,2,RH,H4-4
WCF2025_M1,DOHYUN LEE,2,2,LL,H2-0
WCF2025_M1,DOHYUN LEE,2,2,LH,H6-0
WCF2025_M1,DOHYUN LEE,2,3,LH,H7-0
WCF2025_M1,DOHYUN LEE,2,3,RH,H4-2
WCF2025_M1,DOHYUN LEE,2,3,RL,H4-4
WCF2025_M1,DOHYUN LEE,2,4,RH,H8-0
WCF2025_M1,DOHYUN LEE,2,4,LL,H5-0
WCF2025_M1,DOHYUN LEE,3,1,RH,H3-1
WCF2025_M1,DOHYUN LEE,3,1,LH,H3-1
WCF2025_M1,DOHYUN LEE,3,1,RL,H1-2
WCF2025_M1,DOHYUN LEE,3,1,LL,H1-2
WCF2025_M1,DOHYUN LEE,3,2,LH,H4-4
WCF2025_M1,DOHYUN LEE,3,2,RL,H3-3
WCF2025_M1,DOHYUN LEE,3,2,RH,H4-2
WCF2025_M1,DOHYUN LEE,3,2,LL,H2-0
WCF2025_M1,DOHYUN LEE,3,2,LH,H6-0
WCF2025_M1,DOHYUN LEE,3,3,LH,H7-0
WCF2025_M1,DOHYUN LEE,3,3,RL,H4-4
WCF2025_M1,DOHYUN LEE,3,3,RH,H8-0
WCF2025_M1,DOHYUN LEE,3,3,LL,H5-0
WCF2025_M1,DOHYUN LEE,3,3,LH,H9-0
WCF2025_M1,DOHYUN LEE,3,4,LH,H10-2
WCF2025_M1,DOHYUN LEE,3,4,RH,H10-2
WCF2025_M1,DAYAN AKHTAR,1,1,RH,H3-3
WCF2025_M1,DAYAN AKHTAR,1,1,LH,H3-3
WCF2025_M1,DAYAN AKHTAR,1,1,RL,H1-2
WCF2025_M1,DAYAN AKHTAR,1,1,LL,H1-2
WCF2025_M1,DAYAN AKHTAR,1,2,LH,H4-4
WCF2025_M1,DAYAN AKHTAR,1,2,RL,H3-3
WCF2025_M1,DAYAN AKHTAR,1,2,RH,H4-2
WCF2025_M1,DAYAN AKHTAR,1,2,LL,H3-3
WCF2025_M1,DAYAN AKHTAR,1,3,LH,H6-0
WCF2025_M1,DAYAN AKHTAR,1,3,LL,H2-0
WCF2025_M1,DAYAN AKHTAR,1,3,LH,H7-0
WCF2025_M1,DAYAN AKHTAR,2,1,RH,H3-3
WCF2025_M1,DAYAN AKHTAR,2,1,LH,H3-3
WCF2025_M1,DAYAN AKHTAR,2,1,RL,H1-2
WCF2025_M1,DAYAN AKHTAR,2,1,LL,H1-2
WCF2025_M1,DAYAN AKHTAR,2,2,LH,H4-4
WCF2025_M1,DAYAN AKHTAR,2,2,RL,H3-3
WCF2025_M1,DAYAN AKHTAR,2,2,RH,H4-2
WCF2025_M1,DAYAN AKHTAR,2,2,LL,H3-3
WCF2025_M1,DAYAN AKHTAR,2,3,LH,H6-0
WCF2025_M1,DAYAN AKHTAR,2,3,LL,H2-0
WCF2025_M1,DAYAN AKHTAR,2,3,LH,H7-0
WCF2025_M1,DAYAN AKHTAR,3,1,RH,H3-3
WCF2025_M1,DAYAN AKHTAR,3,1,LH,H3-3
WCF2025_M1,DAYAN AKHTAR,3,1,RL,H1-2
WCF2025_M1,DAYAN AKHTAR,3,1,LL,H1-2
WCF2025_M1,DAYAN AKHTAR,3,2,LH,H4-4
WCF2025_M1,DAYAN AKHTAR,3,2,RL,H3-3
WCF2025_M1,DAYAN AKHTAR,3,2,RH,H4-2
WCF2025_M1,DAYAN AKHTAR,3,2,LL,H3-3
WCF2025_M1,DAYAN AKHTAR,3,3,LH,H6-0
WCF2025_M1,DAYAN AKHTAR,3,3,LL,H2-0
WCF2025_M1,DAYAN AKHTAR,3,3,LH,H7-0
WCF2025_M1,DAYAN AKHTAR,4,1,RH,H3-3
WCF2025_M1,DAYAN AKHTAR,4,1,LH,H3-3
WCF2025_M1,DAYAN AKHTAR,4,1,RL,H1-2
WCF2025_M1,DAYAN AKHTAR,4,1,LL,H1-2
WCF2025_M1,DAYAN AKHTAR,4,2,LH,H4-4
WCF2025_M1,DAYAN AKHTAR,4,2,RL,H3-3
WCF2025_M1,DAYAN AKHTAR,4,2,RH,H4-2
WCF2025_M1,DAYAN AKHTAR,4,2,LL,H3-3
WCF2025_M1,DAYAN AKHTAR,4,3,LH,H6-0
WCF2025_M1,DAYAN AKHTAR,4,3,LL,H2-0
WCF2025_M1,DAYAN AKHTAR,4,3,LH,H7-0
WCF2025_M1,JONGWON CHON,1,1,RH,H3-3
WCF2025_M1,JONGWON CHON,1,1,LH,H3-3
WCF2025_M1,JONGWON CHON,1,1,RL,H1-2
WCF2025_M1,JONGWON CHON,1,1,LL,H1-2
WCF2025_M1,JONGWON CHON,1,2,LH,H4-4
WCF2025_M1,JONGWON CHON,1,2,RL,H3-3
WCF2025_M1,JONGWON CHON,1,2,RH,H4-2
WCF2025_M1,JONGWON CHON,1,2,LL,H3-3
WCF2025_M1,JONGWON CHON,1,2,LH,H6-0
WCF2025_M1,JONGWON CHON,1,3,LH,H7-0
WCF2025_M1,JONGWON CHON,1,3,LL,H2-0
WCF2025_M1,JONGWON CHON,2,1,RH,H3-3
WCF2025_M1,JONGWON CHON,2,1,LH,H3-3
WCF2025_M1,JONGWON CHON,2,1,RL,H1-2
WCF2025_M1,JONGWON CHON,2,1,LL,H1-2
WCF2025_M1,JONGWON CHON,2,2,LH,H4-4
WCF2025_M1,JONGWON CHON,2,,RL,H3-3
WCF2025_M1,JONGWON CHON,2,,RH,H4-2
WCF2025_M1,JONGWON CHON,2,,LL,H3-3
WCF2025_M1,JONGWON CHON,2,3,LH,H6-0
WCF2025_M1,JONGWON CHON,2,4,LH,H7-0
WCF2025_M1,JONGWON CHON,2,,LL,H2-0
WCF2025_M1,JONGWON CHON,2,,RL,H4-4
WCF2025_M1,JONGWON CHON,3,1,RH,H3-3
WCF2025_M1,JONGWON CHON,3,1,LH,H3-3
WCF2025_M1,JONGWON CHON,3,1,RL,H1-2
WCF2025_M1,JONGWON CHON,3,1,LL,H1-2
WCF2025_M1,JONGWON CHON,3,2,LH,H4-4
WCF2025_M1,JONGWON CHON,4,1,RH,H3-3
WCF2025_M1,JONGWON CHON,4,1,LH,H3-3
WCF2025_M1,JONGWON CHON,4,1,RL,H1-2
WCF2025_M1,JONGWON CHON,4,1,LL,H1-2
WCF2025_M1,JONGWON CHON,4,2,LH,H4-4
WCF2025_M1,JONGWON CHON,5,1,RH,H3-3
WCF2025_M1,JONGWON CHON,5,1,LH,H3-3
WCF2025_M1,JONGWON CHON,5,1,RL,H1-2
WCF2025_M1,JONGWON CHON,5,1,LL,H1-2
WCF2025_M1,JONGWON CHON,5,2,LH,H4-4
WCF2025_M1,JONGWON CHON,6,1,RH,H3-3
WCF2025_M1,JONGWON CHON,6,1,LH,H3-3
WCF2025_M1,JONGWON CHON,6,1,RL,H1-2
WCF2025_M1,JONGWON CHON,6,1,LL,H1-2
WCF2025_M1,JONGWON CHON,6,2,LH,H4-4
WCF2025_M1,MAXIMILLIAN MILNE,1,1,RH,H3-1
WCF2025_M1,MAXIMILLIAN MILNE,1,1,LH,H3-1
WCF2025_M1,MAXIMILLIAN MILNE,1,1,RL,H1-2
WCF2025_M1,MAXIMILLIAN MILNE,1,1,LL,H1-2
WCF2025_M1,MAXIMILLIAN MILNE,1,2,LH,H4-4
WCF2025_M1,MAXIMILLIAN MILNE,1,2,RL,H3-3
WCF2025_M1,MAXIMILLIAN MILNE,1,2,RH,H4-2
WCF2025_M1,MAXIMILLIAN MILNE,1,2,LL,H2-0
WCF2025_M1,MAXIMILLIAN MILNE,1,2,LH,H6-0
WCF2025_M1,MAXIMILLIAN MILNE,1,3,LH,H7-0
WCF2025_M1,MAXIMILLIAN MILNE,1,3,RL,H4-4
WCF2025_M1,MAXIMILLIAN MILNE,1,3,RH,H8-0
WCF2025_M1,MAXIMILLIAN MILNE,1,3,LL,H5-0
WCF2025_M1,MAXIMILLIAN MILNE,1,4,LH,H9-0
WCF2025_M1,MAXIMILLIAN MILNE,1,5,LL,H10-2
WCF2025_M1,MAXIMILLIAN MILNE,1,5,RH,H10-2
WCF2025_M1,SOHTA AMAGASA,1,1,RH,H3-1
WCF2025_M1,SOHTA AMAGASA,1,1,LH,H3-1
WCF2025_M1,SOHTA AMAGASA,1,1,RL,H1-2
WCF2025_M1,SOHTA AMAGASA,1,1,LL,H1-2
WCF2025_M1,SOHTA AMAGASA,1,2,LH,H4-4
WCF2025_M1,SOHTA AMAGASA,1,2,LL,H3-3
WCF2025_M1,SOHTA AMAGASA,2,1,RH,H3-1
WCF2025_M1,SOHTA AMAGASA,2,1,LH,H3-1
WCF2025_M1,SOHTA AMAGASA,2,1,RL,H1-2
WCF2025_M1,SOHTA AMAGASA,2,1,LL,H1-2
WCF2025_M1,SOHTA AMAGASA,2,2,LH,H4-4
WCF2025_M1,SOHTA AMAGASA,2,2,RL,H3-3
WCF2025_M1,SOHTA AMAGASA,2,2,RH,H4-2
WCF2025_M1,SOHTA AMAGASA,2,2,LL,H2-0
WCF2025_M1,SOHTA AMAGASA,2,2,LH,H6-0
WCF2025_M1,SOHTA AMAGASA,2,3,LH,H7-0
WCF2025_M1,SOHTA AMAGASA,2,4,RH,H8-0
WCF2025_M1,SOHTA AMAGASA,2,4,LL,H5-0
WCF2025_M1,SOHTA AMAGASA,2,4,LH,H9-0
WCF2025_M1,SOHTA AMAGASA,3,1,RH,H3-1
WCF2025_M1,SOHTA AMAGASA,3,1,LH,H3-1
WCF2025_M1,SOHTA AMAGASA,3,1,RL,H1-2
WCF2025_M1,SOHTA AMAGASA,3,1,LL,H1-2
WCF2025_M1,SOHTA AMAGASA,3,2,LH,H4-4
WCF2025_M1,SOHTA AMAGASA,3,2,RL,H3-3
WCF2025_M1,SOHTA AMAGASA,3,2,RH,H4-2
WCF2025_M1,SOHTA AMAGASA,3,2,LL,H2-0
WCF2025_M1,SOHTA AMAGASA,3,2,LH,H6-0
WCF2025_M1,SOHTA AMAGASA,3,3,LH,H7-0
WCF2025_M1,SOHTA AMAGASA,3,4,RH,H8-0
WCF2025_M1,SOHTA AMAGASA,3,4,LL,H5-0
WCF2025_M1,SOHTA AMAGASA,4,1,RH,H3-1
WCF2025_M1,SOHTA AMAGASA,4,1,LH,H3-1
WCF2025_M1,SOHTA AMAGASA,4,1,RL,H1-2
WCF2025_M1,SOHTA AMAGASA,4,1,LL,H1-2
WCF2025_M1,SOHTA AMAGASA,4,2,LH,H4-4
WCF2025_M1,SOHTA AMAGASA,4,2,RL,H3-3
WCF2025_M1,SOHTA AMAGASA,4,2,RH,H4-2
WCF2025_M1,SOHTA AMAGASA,4,2,LL,H2-0
WCF2025_M1,SOHTA AMAGASA,4,2,LH,H6-0
WCF2025_M1,SOHTA AMAGASA,4,3,LH,H7-0
WCF2025_M1,SOHTA AMAGASA,4,4,RH,H8-0
WCF2025_M1,SOHTA AMAGASA,4,4,LL,H5-0
WCF2025_M1,MEICHI NARASAKI,1,1,RH,H3-1
WCF2025_M1,MEICHI NARASAKI,1,1,LH,H3-1
WCF2025_M1,MEICHI NARASAKI,1,1,RL,H1-2
WCF2025_M1,MEICHI NARASAKI,1,1,LL,H1-2
WCF2025_M1,MEICHI NARASAKI,1,2,LH,H4-4
WCF2025_M1,MEICHI NARASAKI,1,2,LL,H3-3
WCF2025_M1,MEICHI NARASAKI,1,2,RH,H4-2
WCF2025_M1,MEICHI NARASAKI,1,2,RL,H3-3
WCF2025_M1,MEICHI NARASAKI,1,3,LH,H7-0
WCF2025_M1,MEICHI NARASAKI,1,3,RH,H8-0
WCF2025_M1,MEICHI NARASAKI,1,4,LL,H5-0
WCF2025_M1,MEICHI NARASAKI,1,4,LH,H9-0
WCF2025_M1,MEICHI NARASAKI,2,1,RH,H3-1
WCF2025_M1,MEICHI NARASAKI,2,1,LH,H3-1
WCF2025_M1,MEICHI NARASAKI,2,1,RL,H1-2
WCF2025_M1,MEICHI NARASAKI,2,1,LL,H1-2
WCF2025_M1,MEICHI NARASAKI,2,2,LH,H4-4
WCF2025_M1,MEICHI NARASAKI,2,2,LL,H3-3
WCF2025_M1,MEICHI NARASAKI,2,2,RH,H4-2
WCF2025_M1,MEICHI NARASAKI,2,2,RL,H3-3
WCF2025_M1,MEICHI NARASAKI,2,3,LH,H7-0
WCF2025_M1,MEICHI NARASAKI,3,1,RH,H3-1
WCF2025_M1,MEICHI NARASAKI,3,1,LH,H3-1
WCF2025_M1,MEICHI NARASAKI,3,1,RL,H1-2
WCF2025_M1,MEICHI NARASAKI,3,1,LL,H1-2
WCF2025_M1,MEICHI NARASAKI,3,2,LH,H4-4
WCF2025_M1,MEICHI NARASAKI,3,2,LL,H3-3
WCF2025_M1,MEICHI NARASAKI,3,2,RH,H4-2
WCF2025_M1,MEICHI NARASAKI,3,2,RL,H3-3
WCF2025_M1,MEICHI NARASAKI,3,3,LH,H7-0
WCF2025_M1,MEICHI NARASAKI,3,3,RH,H8-0
WCF2025_M1,MEICHI NARASAKI,3,4,LL,H5-0
WCF2025_M2,DOHYUN LEE,1,1,LH,H1-1
WCF2025_M2,DOHYUN LEE,1,1,RH,H1-1
WCF2025_M2,DOHYUN LEE,1,1,LL,H2-2
WCF2025_M2,DOHYUN LEE,1,1,RL,H1-3
WCF2025_M2,DOHYUN LEE,1,2,LL,H3-1
WCF2025_M2,DOHYUN LEE,1,2,RL,H2-1
WCF2025_M2,DOHYUN LEE,1,3,LL,H4-2
WCF2025_M2,DOHYUN LEE,1,3,RH,H3-1
WCF2025_M2,DOHYUN LEE,1,3,RL,H3-1
WCF2025_M2,DOHYUN LEE,1,4,LL,H4-0
WCF2025_M2,DOHYUN LEE,1,4,LH,H4-2
WCF2025_M2,DOHYUN LEE,1,4,RL,H4-4
WCF2025_M2,DOHYUN LEE,1,5,LH,H5-0
WCF2025_M2,DOHYUN LEE,1,5,RL,H3-3
WCF2025_M2,DOHYUN LEE,1,5,RH,H6-3
WCF2025_M2,DOHYUN LEE,1,6,LL,H4-2
WCF2025_M2,DOHYUN LEE,1,6,RL,H3-1
WCF2025_M2,DOHYUN LEE,1,7,LH,H8-0
WCF2025_M2,DOHYUN LEE,1,7,RH,H8-0
WCF2025_M2,DAYAN AKHTAR,1,1,LH,H1-1
WCF2025_M2,DAYAN AKHTAR,1,1,RH,H1-1
WCF2025_M2,DAYAN AKHTAR,1,1,LL,H2-2
WCF2025_M2,DAYAN AKHTAR,1,1,RL,H1-4
WCF2025_M2,DAYAN AKHTAR,1,2,LH,H3-1
WCF2025_M2,DAYAN AKHTAR,1,2,RL,H4-2
WCF2025_M2,DAYAN AKHTAR,1,2,LL,H4-0
WCF2025_M2,DAYAN AKHTAR,1,2,RH,H3-1
WCF2025_M2,DAYAN AKHTAR,2,1,LH,H1-1
WCF2025_M2,DAYAN AKHTAR,2,1,RH,H1-1
WCF2025_M2,DAYAN AKHTAR,2,1,LL,H2-2
WCF2025_M2,DAYAN AKHTAR,2,1,RL,H1-4
WCF2025_M2,DAYAN AKHTAR,2,2,LH,H3-1
WCF2025_M2,DAYAN AKHTAR,2,2,RL,H4-2
WCF2025_M2,DAYAN AKHTAR,2,2,LL,H4-4
WCF2025_M2,DAYAN AKHTAR,2,2,RH,H3-1
WCF2025_M2,DAYAN AKHTAR,2,2,LL,H4-0
WCF2025_M2,DAYAN AKHTAR,2,2,LH,H5-0
WCF2025_M2,DAYAN AKHTAR,2,3,RL,H3-3
WCF2025_M2,DAYAN AKHTAR,2,3,RH,H6-3
WCF2025_M2,DAYAN AKHTAR,2,4,RL,H3-1
WCF2025_M2,DAYAN AKHTAR,3,1,LH,H1-1
WCF2025_M2,DAYAN AKHTAR,3,1,RH,H1-1
WCF2025_M2,DAYAN AKHTAR,3,1,LL,H2-2
WCF2025_M2,DAYAN AKHTAR,3,1,RL,H1-4
WCF2025_M2,DAYAN AKHTAR,3,2,LH,H3-1
WCF2025_M2,DAYAN AKHTAR,3,2,RL,H4-2
WCF2025_M2,DAYAN AKHTAR,3,2,LL,H4-0
WCF2025_M2,DAYAN AKHTAR,3,2,RH,H3-1
WCF2025_M2,DAYAN AKHTAR,4,1,LH,H1-1
WCF2025_M2,DAYAN AKHTAR,4,1,RH,H1-1
WCF2025_M2,DAYAN AKHTAR,4,1,LL,H2-2
WCF2025_M2,DAYAN AKHTAR,4,1,RL,H1-4
WCF2025_M2,DAYAN AKHTAR,5,1,LH,H1-1
WCF2025_M2,DAYAN AKHTAR,5,1,RH,H1-1
WCF2025_M2,DAYAN AKHTAR,5,1,LL,H2-2
WCF2025_M2,DAYAN AKHTAR,5,1,RL,H1-4
WCF2025_M2,DAYAN AKHTAR,5,2,LH,H3-1
WCF2025_M2,DAYAN AKHTAR,5,2,RL,H4-2
WCF2025_M2,DAYAN AKHTAR,5,2,LL,H4-4
WCF2025_M2,DAYAN AKHTAR,5,2,RH,H3-1
WCF2025_M2,DAYAN AKHTAR,5,2,LL,H4-0
WCF2025_M2,JONGWON CHON,1,1,LH,H1-1
WCF2025_M2,JONGWON CHON,1,1,RH,H1-1
WCF2025_M2,JONGWON CHON,1,1,LL,H2-2
WCF2025_M2,JONGWON CHON,1,1,RL,H1-4
WCF2025_M2,JONGWON CHON,1,2,LH,H3-3
WCF2025_M2,JONGWON CHON,1,2,RL,H4-2
WCF2025_M2,JONGWON CHON,1,2,LL,H4-0
WCF2025_M2,JONGWON CHON,1,2,RH,H3-1
WCF2025_M2,JONGWON CHON,1,2,RL,H2-1
WCF2025_M2,JONGWON CHON,1,2,RL,H4-2
WCF2025_M2,JONGWON CHON,2,1,LH,H1-1
WCF2025_M2,JONGWON CHON,2,1,RH,H1-1
WCF2025_M2,JONGWON CHON,2,1,LL,H2-2
WCF2025_M2,JONGWON CHON,2,1,RL,H1-4
WCF2025_M2,JONGWON CHON,2,2,LH,H3-3
WCF2025_M2,JONGWON CHON,2,2,RL,H4-2
WCF2025_M2,JONGWON CHON,2,2,LL,H4-0
WCF2025_M2,JONGWON CHON,2,2,RH,H3-1
WCF2025_M2,JONGWON CHON,2,2,LH,H3-2
WCF2025_M2,JONGWON CHON,2,2,RL,H2-2
WCF2025_M2,JONGWON CHON,3,1,LH,H1-1
WCF2025_M2,JONGWON CHON,3,1,RH,H1-1
WCF2025_M2,JONGWON CHON,3,1,LL,H2-2
WCF2025_M2,JONGWON CHON,3,1,RL,H1-4
WCF2025_M2,JONGWON CHON,3,2,LH,H3-3
WCF2025_M2,JONGWON CHON,3,2,RL,H4-2
WCF2025_M2,JONGWON CHON,3,2,LL,H4-0
WCF2025_M2,JONGWON CHON,3,2,RH,H3-1
WCF2025_M2,JONGWON CHON,3,2,LH,H3-2
WCF2025_M2,MAXIMILLIAN MILNE,1,1,LH,H1-1
WCF2025_M2,MAXIMILLIAN MILNE,1,1,RH,H1-1
WCF2025_M2,MAXIMILLIAN MILNE,1,1,LL,H2-2
WCF2025_M2,MAXIMILLIAN MILNE,1,1,RL,H1-4
WCF2025_M2,MAXIMILLIAN MILNE,1,2,LH,H3-3
WCF2025_M2,MAXIMILLIAN MILNE,1,2,RL,H4-2
WCF2025_M2,MAXIMILLIAN MILNE,1,2,RH,H3-1
WCF2025_M2,MAXIMILLIAN MILNE,1,2,LL,H4-2
WCF2025_M2,MAXIMILLIAN MILNE,1,3,LL,H4-0
WCF2025_M2,MAXIMILLIAN MILNE,1,3,LH,H5-0
WCF2025_M2,MAXIMILLIAN MILNE,1,3,RL,H3-1
WCF2025_M2,MAXIMILLIAN MILNE,1,4,RH,H6-3
WCF2025_M2,MAXIMILLIAN MILNE,1,4,LL,H4-2
WCF2025_M2,MAXIMILLIAN MILNE,2,1,LH,H1-1
WCF2025_M2,MAXIMILLIAN MILNE,2,1,RH,H1-1
WCF2025_M2,MAXIMILLIAN MILNE,2,1,LL,H2-2
WCF2025_M2,MAXIMILLIAN MILNE,2,1,RL,H1-4
WCF2025_M2,MAXIMILLIAN MILNE,2,2,LH,H3-3
WCF2025_M2,MAXIMILLIAN MILNE,2,2,RH,H3-1
WCF2025_M2,MAXIMILLIAN MILNE,2,2,RL,H4-2
WCF2025_M2,MAXIMILLIAN MILNE,2,2,LL,H4-2
WCF2025_M2,MAXIMILLIAN MILNE,2,3,LL,H4-0
WCF2025_M2,MAXIMILLIAN MILNE,2,3,RL,H1-3
WCF2025_M2,MAXIMILLIAN MILNE,3,1,LH,H1-1
WCF2025_M2,MAXIMILLIAN MILNE,3,1,RH,H1-1
WCF2025_M2,MAXIMILLIAN MILNE,3,1,LL,H2-2
WCF2025_M2,MAXIMILLIAN MILNE,3,1,RL,H1-4
WCF2025_M2,MAXIMILLIAN MILNE,3,2,LH,H3-3
WCF2025_M2,MAXIMILLIAN MILNE,3,2,RH,H3-1
WCF2025_M2,MAXIMILLIAN MILNE,3,2,RL,H4-2
WCF2025_M2,MAXIMILLIAN MILNE,3,2,LL,H4-2
WCF2025_M2,MAXIMILLIAN MILNE,3,3,LL,H4-0
WCF2025_M2,MAXIMILLIAN MILNE,3,3,RL,H1-3
WCF2025_M2,SOHTA AMAGASA,1,1,LH,H1-1
WCF2025_M2,SOHTA AMAGASA,1,1,RH,H1-1
WCF2025_M2,SOHTA AMAGASA,1,1,LL,H2-2
WCF2025_M2,SOHTA AMAGASA,1,1,RL,H1-4
WCF2025_M2,SOHTA AMAGASA,1,2,LH,H3-3
WCF2025_M2,SOHTA AMAGASA,1,2,RL,H4-2
WCF2025_M2,SOHTA AMAGASA,1,2,LL,H4-2
WCF2025_M2,SOHTA AMAGASA,1,2,RH,H3-1
WCF2025_M2,SOHTA AMAGASA,1,2,LH,H3-1
WCF2025_M2,SOHTA AMAGASA,1,3,LL,H4-0
WCF2025_M2,SOHTA AMAGASA,2,1,LH,H1-1
WCF2025_M2,SOHTA AMAGASA,2,1,RH,H1-1
WCF2025_M2,SOHTA AMAGASA,2,1,LL,H2-2
WCF2025_M2,SOHTA AMAGASA,2,1,RL,H1-4
WCF2025_M2,SOHTA AMAGASA,2,2,LH,H3-3
WCF2025_M2,SOHTA AMAGASA,2,2,RL,H4-2
WCF2025_M2,SOHTA AMAGASA,2,2,LL,H4-2
WCF2025_M2,SOHTA AMAGASA,2,2,RH,H3-1
WCF2025_M2,SOHTA AMAGASA,2,2,LH,H3-1
WCF2025_M2,SOHTA AMAGASA,2,3,LL,H4-0
WCF2025_M2,SOHTA AMAGASA,2,3,RL,H4-4
WCF2025_M2,SOHTA AMAGASA,2,3,LH,H5-0
WCF2025_M2,SOHTA AMAGASA,3,1,LH,H1-1
WCF2025_M2,SOHTA AMAGASA,3,1,RH,H1-1
WCF2025_M2,SOHTA AMAGASA,3,1,LL,H2-2
WCF2025_M2,SOHTA AMAGASA,3,1,RL,H1-4
WCF2025_M2,SOHTA AMAGASA,3,2,LH,H3-3
WCF2025_M2,SOHTA AMAGASA,3,2,RL,H4-2
WCF2025_M2,SOHTA AMAGASA,3,2,LL,H4-2
WCF2025_M2,SOHTA AMAGASA,3,2,RH,H3-1
WCF2025_M2,SOHTA AMAGASA,3,2,LH,H3-1
WCF2025_M2,SOHTA AMAGASA,3,3,LL,H4-0
WCF2025_M2,SOHTA AMAGASA,3,3,RL,H4-4
WCF2025_M2,SOHTA AMAGASA,3,3,LH,H5-0
WCF2025_M2,SOHTA AMAGASA,3,3,RL,H3-3
WCF2025_M2,SOHTA AMAGASA,3,3,RH,H6-3
WCF2025_M2,SOHTA AMAGASA,4,1,LH,H1-1
WCF2025_M2,SOHTA AMAGASA,4,1,RH,H1-1
WCF2025_M2,SOHTA AMAGASA,4,1,LL,H2-2
WCF2025_M2,SOHTA AMAGASA,4,1,RL,H1-4
WCF2025_M2,SOHTA AMAGASA,4,2,LH,H3-3
WCF2025_M2,SOHTA AMAGASA,4,2,RL,H4-2
WCF2025_M2,SOHTA AMAGASA,4,2,LL,H4-2
WCF2025_M2,SOHTA AMAGASA,4,2,RH,H3-1
WCF2025_M2,SOHTA AMAGASA,4,2,LH,H3-1
WCF2025_M2,SOHTA AMAGASA,4,3,LL,H4-0
WCF2025_M2,SOHTA AMAGASA,4,3,RL,H4-4
WCF2025_M2,MEICHI NARASAKI,1,1,LH,H1-1
WCF2025_M2,MEICHI NARASAKI,1,1,RH,H1-1
WCF2025_M2,MEICHI NARASAKI,1,1,LL,H2-2
WCF2025_M2,MEICHI NARASAKI,1,1,RL,H1-3
WCF2025_M2,MEICHI NARASAKI,1,2,LH,H3-3
WCF2025_M2,MEICHI NARASAKI,2,1,LH,H1-1
WCF2025_M2,MEICHI NARASAKI,2,1,RH,H1-1
WCF2025_M2,MEICHI NARASAKI,2,1,LL,H2-2
WCF2025_M2,MEICHI NARASAKI,2,1,RL,H1-3
WCF2025_M2,MEICHI NARASAKI,2,2,LH,H3-3
WCF2025_M2,MEICHI NARASAKI,2,2,LL,H4-0
WCF2025_M2,MEICHI NARASAKI,2,2,RL,H4-2
WCF2025_M2,MEICHI NARASAKI,2,2,RL,H2-2
WCF2025_M2,MEICHI NARASAKI,2,2,RH,H3-1
WCF2025_M2,MEICHI NARASAKI,3,1,LH,H1-1
WCF2025_M2,MEICHI NARASAKI,3,1,RH,H1-1
WCF2025_M2,MEICHI NARASAKI,3,1,LL,H2-2
WCF2025_M2,MEICHI NARASAKI,3,1,RL,H1-3
WCF2025_M2,MEICHI NARASAKI,4,1,LH,H1-1
WCF2025_M2,MEICHI NARASAKI,4,1,RH,H1-1
WCF2025_M2,MEICHI NARASAKI,4,1,LL,H2-2
WCF2025_M2,MEICHI NARASAKI,4,1,RL,H1-3
WCF2025_M2,MEICHI NARASAKI,4,2,LH,H3-3
WCF2025_M2,MEICHI NARASAKI,4,2,RL,H4-2
WCF2025_M2,MEICHI NARASAKI,4,2,LL,H4-2
WCF2025_M2,MEICHI NARASAKI,4,2,RH,H3-1
WCF2025_M2,MEICHI NARASAKI,4,2,LH,H3-1
WCF2025_M2,MEICHI NARASAKI,4,2,RL,H3-1
WCF2025_M2,MEICHI NARASAKI,5,1,LH,H1-1
WCF2025_M2,MEICHI NARASAKI,5,1,RH,H1-1
WCF2025_M2,MEICHI NARASAKI,5,1,LL,H2-2
WCF2025_M2,MEICHI NARASAKI,5,1,RL,H1-3
WCF2025_M2,MEICHI NARASAKI,5,2,LH,H3-3
WCF2025_M2,MEICHI NARASAKI,5,2,RL,H4-2
WCF2025_M2,MEICHI NARASAKI,5,2,LL,H4-2
WCF2025_M2,MEICHI NARASAKI,5,3,RL,H2-1
WCF2025_M2,MEICHI NARASAKI,5,3,RH,H3-1
WCF2025_M2,MEICHI NARASAKI,5,3,RL,H4-2
WCF2025_M2,MEICHI NARASAKI,5,3,LL,H4-0
WCF2025_M2,MEICHI NARASAKI,5,4,RL,H2-1
WCF2025_M2,MEICHI NARASAKI,5,4,LH,H3-1
WCF2025_M2,MEICHI NARASAKI,5,4,RL,H4-4
WCF2025_M2,MEICHI NARASAKI,5,4,LH,H4-2
WCF2025_M2,MEICHI NARASAKI,5,5,LH,H5-0
WCF2025_M2,MEICHI NARASAKI,5,5,RL,H3-3
WCF2025_M3,DOHYUN LEE,1,1,LH,H3-0
WCF2025_M3,DOHYUN LEE,1,1,RH,H5-0
WCF2025_M3,DOHYUN LEE,1,1,LL,H1-3
WCF2025_M3,DOHYUN LEE,1,1,RL,H2-0
WCF2025_M3,DOHYUN LEE,1,2,LL,H7-0
WCF2025_M3,DOHYUN LEE,1,2,RL,H1-3
WCF2025_M3,DOHYUN LEE,1,2,RH,H8-0
WCF2025_M3,DOHYUN LEE,1,2,LL,H6-4
WCF2025_M3,DOHYUN LEE,2,1,LH,H1-3
WCF2025_M3,DOHYUN LEE,2,1,RH,H5-0
WCF2025_M3,DOHYUN LEE,2,1,LL,H1-3
WCF2025_M3,DOHYUN LEE,2,1,RL,H2-0
WCF2025_M3,DOHYUN LEE,2,2,LH,H7-0
WCF2025_M3,DOHYUN LEE,2,2,RL,H3-0
WCF2025_M3,DOHYUN LEE,2,2,RH,H8-0
WCF2025_M3,DOHYUN LEE,2,2,LL,H6-4
WCF2025_M3,DOHYUN LEE,2,3,RH,H9-0
WCF2025_M3,DOHYUN LEE,2,3,LH,H10-0
WCF2025_M3,DOHYUN LEE,2,3,RL,H8-0
WCF2025_M3,DOHYUN LEE,2,4,RH,H11-0
WCF2025_M3,DOHYUN LEE,2,4,RL,H7-0
WCF2025_M3,DOHYUN LEE,2,4,LL,H6-2
WCF2025_M3,DOHYUN LEE,2,4,LH,H9-0
WCF2025_M3,DOHYUN LEE,3,1,LH,H3-0
WCF2025_M3,DOHYUN LEE,3,1,RH,H5-0
WCF2025_M3,DOHYUN LEE,3,1,LL,H1-3
WCF2025_M3,DOHYUN LEE,3,1,RL,H2-0
WCF2025_M3,DOHYUN LEE,3,2,LL,H7-0
WCF2025_M3,DOHYUN LEE,3,2,RL,H3-0
WCF2025_M3,DOHYUN LEE,3,2,RH,H8-0
WCF2025_M3,DOHYUN LEE,3,2,LL,H6-4
WCF2025_M3,DOHYUN LEE,3,3,RH,H9-0
WCF2025_M3,DOHYUN LEE,3,3,LH,H10-0
WCF2025_M3,DAYAN AKHTAR,1,1,LH,H3-0
WCF2025_M3,DAYAN AKHTAR,1,1,RH,H5-0
WCF2025_M3,DAYAN AKHTAR,1,1,LL,H1-3
WCF2025_M3,DAYAN AKHTAR,1,1,RL,H2-0
WCF2025_M3,DAYAN AKHTAR,1,2,LH,H7-0
WCF2025_M3,DAYAN AKHTAR,2,1,LH,H3-0
WCF2025_M3,DAYAN AKHTAR,2,1,RH,H5-0
WCF2025_M3,DAYAN AKHTAR,2,1,LL,H1-3
WCF2025_M3,DAYAN AKHTAR,2,1,RL,H2-0
WCF2025_M3,DAYAN AKHTAR,2,2,LH,H7-0
WCF2025_M3,DAYAN AKHTAR,3,1,LH,H3-0
WCF2025_M3,DAYAN AKHTAR,3,1,RH,H5-0
WCF2025_M3,DAYAN AKHTAR,3,1,LL,H1-3
WCF2025_M3,DAYAN AKHTAR,3,1,RL,H2-0
WCF2025_M3,DAYAN AKHTAR,3,2,LH,H7-0
WCF2025_M3,DAYAN AKHTAR,4,1,LH,H3-0
WCF2025_M3,DAYAN AKHTAR,4,1,RH,H5-0
WCF2025_M3,DAYAN AKHTAR,4,1,LL,H1-3
WCF2025_M3,DAYAN AKHTAR,4,1,RL,H2-0
WCF2025_M3,DAYAN AKHTAR,4,2,LH,H7-0
WCF2025_M3,DAYAN AKHTAR,5,1,LH,H3-0
WCF2025_M3,DAYAN AKHTAR,5,1,RH,H5-0
WCF2025_M3,DAYAN AKHTAR,5,1,LL,H1-3
WCF2025_M3,DAYAN AKHTAR,5,1,RL,H2-0
WCF2025_M3,DAYAN AKHTAR,5,2,LH,H7-0
WCF2025_M3,DAYAN AKHTAR,6,1,LH,H3-0
WCF2025_M3,DAYAN AKHTAR,6,1,RH,H5-0
WCF2025_M3,DAYAN AKHTAR,6,1,LL,H1-3
WCF2025_M3,DAYAN AKHTAR,6,1,RL,H2-0
WCF2025_M3,DAYAN AKHTAR,6,2,LH,H7-0
WCF2025_M3,JONGWON CHON,1,1,LH,H3-0
WCF2025_M3,JONGWON CHON,1,1,RH,H5-0
WCF2025_M3,JONGWON CHON,1,1,LL,H1-3
WCF2025_M3,JONGWON CHON,1,1,RL,H2-0
WCF2025_M3,JONGWON CHON,1,2,LH,H7-0
WCF2025_M3,JONGWON CHON,2,1,LH,H3-0
WCF2025_M3,JONGWON CHON,2,1,RH,H5-0
WCF2025_M3,JONGWON CHON,2,1,LL,H1-3
WCF2025_M3,JONGWON CHON,2,1,RL,H2-0
WCF2025_M3,JONGWON CHON,2,2,LH,H7-0
WCF2025_M3,JONGWON CHON,3,1,LH,H3-0
WCF2025_M3,JONGWON CHON,3,1,RH,H5-0
WCF2025_M3,JONGWON CHON,3,1,LL,H1-3
WCF2025_M3,JONGWON CHON,3,1,RL,H2-0
WCF2025_M3,JONGWON CHON,3,2,LH,H7-0
WCF2025_M3,JONGWON CHON,3,2,RL,H3-0
WCF2025_M3,JONGWON CHON,3,2,RH,H8-0
WCF2025_M3,JONGWON CHON,3,2,LL,H6-4
WCF2025_M3,JONGWON CHON,3,3,RH,H9-0
WCF2025_M3,JONGWON CHON,3,3,LH,H10-0
WCF2025_M3,JONGWON CHON,4,1,LH,H3-0
WCF2025_M3,JONGWON CHON,4,1,RH,H5-0
WCF2025_M3,JONGWON CHON,4,1,LL,H1-3
WCF2025_M3,JONGWON CHON,4,1,RL,H2-0
WCF2025_M3,JONGWON CHON,4,2,LH,H7-0
WCF2025_M3,MAXIMILLIAN MILNE,1,1,LH,H3-0
WCF2025_M3,MAXIMILLIAN MILNE,1,1,RH,H5-0
WCF2025_M3,MAXIMILLIAN MILNE,1,1,LL,H1-3
WCF2025_M3,MAXIMILLIAN MILNE,1,1,RL,H2-0
WCF2025_M3,MAXIMILLIAN MILNE,1,2,LH,H7-0
WCF2025_M3,MAXIMILLIAN MILNE,1,2,RL,H3-0
WCF2025_M3,MAXIMILLIAN MILNE,1,2,RH,H8-0
WCF2025_M3,MAXIMILLIAN MILNE,1,2,LL,H6-4
WCF2025_M3,MAXIMILLIAN MILNE,1,3,RH,H9-0
WCF2025_M3,MAXIMILLIAN MILNE,1,3,LH,H10-0
WCF2025_M3,MAXIMILLIAN MILNE,2,1,LH,H3-0
WCF2025_M3,MAXIMILLIAN MILNE,2,1,RH,H5-0
WCF2025_M3,MAXIMILLIAN MILNE,2,1,LL,H1-3
WCF2025_M3,MAXIMILLIAN MILNE,2,1,RL,H2-0
WCF2025_M3,MAXIMILLIAN MILNE,2,2,LH,H7-0
WCF2025_M3,MAXIMILLIAN MILNE,2,2,RL,H3-0
WCF2025_M3,MAXIMILLIAN MILNE,2,2,RH,H8-0
WCF2025_M3,MAXIMILLIAN MILNE,2,2,LL,H6-4
WCF2025_M3,MAXIMILLIAN MILNE,2,3,RH,H9-0
WCF2025_M3,MAXIMILLIAN MILNE,3,1,LH,H3-0
WCF2025_M3,MAXIMILLIAN MILNE,3,1,RH,H5-0
WCF2025_M3,MAXIMILLIAN MILNE,3,1,LL,H1-3
WCF2025_M3,MAXIMILLIAN MILNE,3,1,RL,H2-0
WCF2025_M3,MAXIMILLIAN MILNE,3,2,LH,H7-0
WCF2025_M3,MAXIMILLIAN MILNE,3,2,RL,H3-0
WCF2025_M3,MAXIMILLIAN MILNE,3,2,RH,H8-0
WCF2025_M3,MAXIMILLIAN MILNE,3,2,LL,H6-4
WCF2025_M3,MAXIMILLIAN MILNE,3,3,RH,H9-0
WCF2025_M3,MAXIMILLIAN MILNE,4,1,LH,H3-0
WCF2025_M3,MAXIMILLIAN MILNE,4,1,RH,H5-0
WCF2025_M3,MAXIMILLIAN MILNE,4,1,LL,H1-3
WCF2025_M3,MAXIMILLIAN MILNE,4,1,RL,H2-0
WCF2025_M3,SOHTA AMAGASA,1,1,LH,H3-0
WCF2025_M3,SOHTA AMAGASA,1,1,RH,H5-0
WCF2025_M3,SOHTA AMAGASA,1,1,LL,H1-3
WCF2025_M3,SOHTA AMAGASA,1,1,RL,H2-0
WCF2025_M3,SOHTA AMAGASA,1,2,LH,H8-0
WCF2025_M3,SOHTA AMAGASA,1,2,LH,H7-0
WCF2025_M3,SOHTA AMAGASA,1,2,RL,H3-0
WCF2025_M3,SOHTA AMAGASA,1,2,RH,H8-0
WCF2025_M3,SOHTA AMAGASA,1,2,LL,H6-4
WCF2025_M3,SOHTA AMAGASA,1,3,LH,H9-0
WCF2025_M3,SOHTA AMAGASA,1,3,RH,H9-0
WCF2025_M3,SOHTA AMAGASA,1,4,LH,H10-0
WCF2025_M3,SOHTA AMAGASA,2,1,LH,H3-0
WCF2025_M3,SOHTA AMAGASA,2,1,RH,H5-0
WCF2025_M3,SOHTA AMAGASA,2,1,LL,H1-3
WCF2025_M3,SOHTA AMAGASA,2,1,RL,H2-0
WCF2025_M3,SOHTA AMAGASA,3,1,LH,H3-0
WCF2025_M3,SOHTA AMAGASA,3,1,RH,H5-0
WCF2025_M3,SOHTA AMAGASA,3,1,LL,H1-3
WCF2025_M3,SOHTA AMAGASA,3,1,RL,H2-0
WCF2025_M3,SOHTA AMAGASA,3,2,LH,H7-0
WCF2025_M3,SOHTA AMAGASA,4,1,LH,H3-0
WCF2025_M3,SOHTA AMAGASA,4,1,RH,H5-0
WCF2025_M3,SOHTA AMAGASA,4,1,LL,H1-3
WCF2025_M3,SOHTA AMAGASA,4,1,RL,H2-0
WCF2025_M3,SOHTA AMAGASA,4,2,LH,H7-0
WCF2025_M3,SOHTA AMAGASA,4,2,RL,H3-0
WCF2025_M3,SOHTA AMAGASA,5,1,LH,H3-0
WCF2025_M3,SOHTA AMAGASA,5,1,RH,H5-0
WCF2025_M3,SOHTA AMAGASA,5,1,LL,H1-3
WCF2025_M3,SOHTA AMAGASA,5,1,RL,H2-0
WCF2025_M3,SOHTA AMAGASA,5,2,LH,H7-0
WCF2025_M3,SOHTA AMAGASA,5,2,RL,H3-0
WCF2025_M3,SOHTA AMAGASA,5,2,RH,H8-0
WCF2025_M3,SOHTA AMAGASA,5,2,LL,H6-4
WCF2025_M3,SOHTA AMAGASA,5,3,LH,H9-0
WCF2025_M3,SOHTA AMAGASA,5,3,RH,H9-0
WCF2025_M3,MEICHI NARASAKI,1,1,LH,H3-0
WCF2025_M3,MEICHI NARASAKI,1,1,RH,H5-0
WCF2025_M3,MEICHI NARASAKI,1,1,LL,H1-3
WCF2025_M3,MEICHI NARASAKI,1,1,RL,H2-0
WCF2025_M3,MEICHI NARASAKI,1,2,LH,H7-0
WCF2025_M3,MEICHI NARASAKI,1,2,RL,H3-0
WCF2025_M3,MEICHI NARASAKI,1,2,RH,H5-0
WCF2025_M3,MEICHI NARASAKI,1,2,RH,H8-0
WCF2025_M3,MEICHI NARASAKI,1,3,RH,H9-0
WCF2025_M3,MEICHI NARASAKI,2,1,LH,H3-0
WCF2025_M3,MEICHI NARASAKI,2,1,RH,H5-0
WCF2025_M3,MEICHI NARASAKI,2,1,LL,H1-3
WCF2025_M3,MEICHI NARASAKI,2,1,RL,H2-0
WCF2025_M3,MEICHI NARASAKI,2,2,LH,H7-0
WCF2025_M3,MEICHI NARASAKI,2,2,RL,H3-0
WCF2025_M3,MEICHI NARASAKI,2,3,RH,H9-0
WCF2025_M3,MEICHI NARASAKI,3,1,LH,H3-0
WCF2025_M3,MEICHI NARASAKI,3,1,RH,H5-0
WCF2025_M3,MEICHI NARASAKI,3,1,LL,H1-3
WCF2025_M3,MEICHI NARASAKI,3,1,RL,H2-0
WCF2025_M3,MEICHI NARASAKI,3,2,LH,H7-0
WCF2025_M3,MEICHI NARASAKI,4,1,LH,H3-0
WCF2025_M3,MEICHI NARASAKI,4,1,RH,H5-0
WCF2025_M3,MEICHI NARASAKI,4,1,LL,H1-3
WCF2025_M3,MEICHI NARASAKI,4,1,RL,H2-0
WCF2025_M3,MEICHI NARASAKI,4,2,LH,H7-0
WCF2025_M3,MEICHI NARASAKI,4,2,RL,H3-0
WCF2025_M3,MEICHI NARASAKI,4,3,RH,H9-0
WCF2025_M3,MEICHI NARASAKI,4,3,LL,H6-4
WCF2025_M3,MEICHI NARASAKI,4,3,LH,H10-0
WCF2025_M3,MEICHI NARASAKI,5,1,LH,H3-0
WCF2025_M3,MEICHI NARASAKI,5,1,RH,H5-0
WCF2025_M3,MEICHI NARASAKI,5,1,LL,H1-3
WCF2025_M3,MEICHI NARASAKI,5,1,RL,H2-0
WCF2025_M3,MEICHI NARASAKI,5,2,LH,H7-0
WCF2025_M3,MEICHI NARASAKI,6,1,LH,H3-0
WCF2025_M3,MEICHI NARASAKI,6,1,RH,H5-0
WCF2025_M3,MEICHI NARASAKI,6,1,LL,H1-3
WCF2025_M3,MEICHI NARASAKI,6,1,RL,H2-0
WCF2025_M3,MEICHI NARASAKI,6,2,LH,H7-0
WCF2025_M3,MEICHI NARASAKI,7,1,LH,H3-0
WCF2025_M3,MEICHI NARASAKI,7,1,RH,H5-0
WCF2025_M3,MEICHI NARASAKI,7,1,LL,H1-3
WCF2025_M3,MEICHI NARASAKI,7,1,RL,H2-0
WCF2025_M3,MEICHI NARASAKI,7,2,LH,H7-0
WCF2025_M4,DOHYUN LEE,1,1,LH,H3-0
WCF2025_M4,DOHYUN LEE,1,1,RH,H4-0
WCF2025_M4,DOHYUN LEE,1,1,LL,H1-1
WCF2025_M4,DOHYUN LEE,1,1,RL,H1-1
WCF2025_M4,DOHYUN LEE,1,2,LL,H2-0
WCF2025_M4,DOHYUN LEE,1,2,LH,H6-3
WCF2025_M4,DOHYUN LEE,1,2,RH,H5-2
WCF2025_M4,DOHYUN LEE,1,3,RH,H7-3
WCF2025_M4,DOHYUN LEE,1,3,LL,H6-3
WCF2025_M4,DOHYUN LEE,1,3,LH,H7-1
WCF2025_M4,DOHYUN LEE,1,4,LH,H6-1
WCF2025_M4,DOHYUN LEE,1,5,LH,H9-3
WCF2025_M4,DOHYUN LEE,1,5,RL,H6-4
WCF2025_M4,DOHYUN LEE,1,6,RL,H7-2
WCF2025_M4,DOHYUN LEE,1,6,RH,H9-1
WCF2025_M4,DOHYUN LEE,1,6,LH,H9-1
WCF2025_M4,DOHYUN LEE,2,1,LH,H3-0
WCF2025_M4,DOHYUN LEE,2,1,RH,H4-0
WCF2025_M4,DOHYUN LEE,2,1,LL,H1-1
WCF2025_M4,DOHYUN LEE,2,1,RL,H1-1
WCF2025_M4,DOHYUN LEE,2,2,LL,H2-0
WCF2025_M4,DOHYUN LEE,2,2,LH,H6-3
WCF2025_M4,DOHYUN LEE,2,2,RH,H5-2
WCF2025_M4,DOHYUN LEE,2,3,RH,H7-3
WCF2025_M4,DOHYUN LEE,2,3,RL,H5-3
WCF2025_M4,DOHYUN LEE,2,3,LL,H6-3
WCF2025_M4,DOHYUN LEE,2,3,LH,H7-1
WCF2025_M4,DOHYUN LEE,2,4,LH,H9-3
WCF2025_M4,DOHYUN LEE,2,4,RL,H6-4
WCF2025_M4,DOHYUN LEE,2,5,RL,H7-2
WCF2025_M4,DOHYUN LEE,2,5,RH,H10-0
WCF2025_M4,DOHYUN LEE,3,1,LH,H3-0
WCF2025_M4,DOHYUN LEE,3,1,RH,H4-0
WCF2025_M4,DOHYUN LEE,3,1,LL,H1-1
WCF2025_M4,DOHYUN LEE,3,1,RL,H1-1
WCF2025_M4,DOHYUN LEE,3,2,LL,H2-0
WCF2025_M4,DOHYUN LEE,3,2,LH,H6-3
WCF2025_M4,DOHYUN LEE,3,2,RH,H5-2
WCF2025_M4,DOHYUN LEE,3,3,RH,H7-3
WCF2025_M4,DOHYUN LEE,3,3,RL,H5-3
WCF2025_M4,DOHYUN LEE,3,3,LL,H6-3
WCF2025_M4,DOHYUN LEE,3,3,LH,H7-1
WCF2025_M4,DOHYUN LEE,3,4,LH,H9-3
WCF2025_M4,DOHYUN LEE,3,4,RL,H6-4
WCF2025_M4,DOHYUN LEE,3,4,LL,H6-1
WCF2025_M4,DOHYUN LEE,3,5,RH,H9-3
WCF2025_M4,DOHYUN LEE,3,5,LH,H9-1
WCF2025_M4,DAYAN AKHTAR,1,1,LH,H3-0
WCF2025_M4,DAYAN AKHTAR,1,1,RH,H4-0
WCF2025_M4,DAYAN AKHTAR,1,1,LL,H1-1
WCF2025_M4,DAYAN AKHTAR,1,1,RL,H1-1
WCF2025_M4,DAYAN AKHTAR,1,2,LL,H2-0
WCF2025_M4,DAYAN AKHTAR,1,2,LH,H6-3
WCF2025_M4,DAYAN AKHTAR,1,2,RH,H5-2
WCF2025_M4,DAYAN AKHTAR,1,3,RH,H7-3
WCF2025_M4,DAYAN AKHTAR,1,3,RL,H5-3
WCF2025_M4,DAYAN AKHTAR,1,3,LL,H6-3
WCF2025_M4,DAYAN AKHTAR,1,4,LH,H9-3
WCF2025_M4,DAYAN AKHTAR,1,4,RL,H7-2
WCF2025_M4,DAYAN AKHTAR,1,4,RH,H10-0
WCF2025_M4,DAYAN AKHTAR,1,4,RH,H9-3
WCF2025_M4,DAYAN AKHTAR,1,4,LH,H9-1
WCF2025_M4,DAYAN AKHTAR,2,1,LH,H3-0
WCF2025_M4,DAYAN AKHTAR,2,1,RH,H4-0
WCF2025_M4,DAYAN AKHTAR,2,1,LL,H1-1
WCF2025_M4,DAYAN AKHTAR,2,1,RL,H1-1
WCF2025_M4,DAYAN AKHTAR,2,2,LL,H2-0
WCF2025_M4,DAYAN AKHTAR,2,2,LH,H6-3
WCF2025_M4,DAYAN AKHTAR,2,2,RH,H5-2
WCF2025_M4,DAYAN AKHTAR,2,3,RH,H7-3
WCF2025_M4,DAYAN AKHTAR,2,3,RL,H5-3
WCF2025_M4,DAYAN AKHTAR,2,3,LL,H6-3
WCF2025_M4,DAYAN AKHTAR,2,4,LH,H9-3
WCF2025_M4,DAYAN AKHTAR,2,4,RL,H7-2
WCF2025_M4,DAYAN AKHTAR,2,4,RH,H9-3
WCF2025_M4,DAYAN AKHTAR,3,1,LH,H3-0
WCF2025_M4,DAYAN AKHTAR,3,1,RH,H4-0
WCF2025_M4,DAYAN AKHTAR,3,1,LL,H1-1
WCF2025_M4,DAYAN AKHTAR,3,1,RL,H1-1
WCF2025_M4,DAYAN AKHTAR,3,2,LL,H2-0
WCF2025_M4,DAYAN AKHTAR,4,1,LH,H3-0
WCF2025_M4,DAYAN AKHTAR,4,1,RH,H4-0
WCF2025_M4,DAYAN AKHTAR,4,1,LL,H1-1
WCF2025_M4,DAYAN AKHTAR,4,1,RL,H1-1
WCF2025_M4,DAYAN AKHTAR,4,2,LL,H2-0
WCF2025_M4,DAYAN AKHTAR,4,2,LH,H6-3
WCF2025_M4,DAYAN AKHTAR,4,2,RH,H5-2
WCF2025_M4,DAYAN AKHTAR,4,3,RH,H7-3
WCF2025_M4,DAYAN AKHTAR,4,3,RL,H5-3
WCF2025_M4,DAYAN AKHTAR,4,3,LL,H6-3
WCF2025_M4,JONGWON CHON,1,1,LH,H3-0
WCF2025_M4,JONGWON CHON,1,1,RH,H4-0
WCF2025_M4,JONGWON CHON,1,1,LL,H1-1
WCF2025_M4,JONGWON CHON,1,1,RL,H1-1
WCF2025_M4,JONGWON CHON,1,2,LL,H2-0
WCF2025_M4,JONGWON CHON,1,2,LH,H6-3
WCF2025_M4,JONGWON CHON,1,2,RH,H5-2
WCF2025_M4,JONGWON CHON,1,3,RH,H7-3
WCF2025_M4,JONGWON CHON,1,3,RL,H5-3
WCF2025_M4,JONGWON CHON,1,3,LL,H6-3
WCF2025_M4,JONGWON CHON,1,4,LH,H9-3
WCF2025_M4,JONGWON CHON,1,4,RL,H6-4
WCF2025_M4,JONGWON CHON,1,4,RL,H7-2
WCF2025_M4,JONGWON CHON,1,5,RH,H9-1
WCF2025_M4,JONGWON CHON,1,5,LH,H9-1
WCF2025_M4,JONGWON CHON,1,5,RH,H10-0
WCF2025_M4,JONGWON CHON,1,5,RH,H9-1
WCF2025_M4,JONGWON CHON,2,1,LH,H3-0
WCF2025_M4,JONGWON CHON,2,1,RH,H4-0
WCF2025_M4,JONGWON CHON,2,1,LL,H1-1
WCF2025_M4,JONGWON CHON,2,1,RL,H1-1
WCF2025_M4,JONGWON CHON,2,2,LL,H2-0
WCF2025_M4,JONGWON CHON,3,1,LH,H3-0
WCF2025_M4,JONGWON CHON,3,1,RH,H4-0
WCF2025_M4,JONGWON CHON,3,1,LL,H1-1
WCF2025_M4,JONGWON CHON,3,1,RL,H1-1
WCF2025_M4,JONGWON CHON,3,2,LL,H2-0
WCF2025_M4,JONGWON CHON,3,2,LH,H6-3
WCF2025_M4,JONGWON CHON,3,2,RH,H5-2
WCF2025_M4,JONGWON CHON,3,3,RH,H7-3
WCF2025_M4,JONGWON CHON,3,3,RL,H5-3
WCF2025_M4,JONGWON CHON,3,3,LL,H6-3
WCF2025_M4,JONGWON CHON,3,4,LH,H9-3
WCF2025_M4,JONGWON CHON,3,4,RL,H6-4
WCF2025_M4,JONGWON CHON,3,4,RL,H7-2
WCF2025_M4,JONGWON CHON,3,5,RH,H9-1
WCF2025_M4,JONGWON CHON,3,5,LH,H9-1
WCF2025_M4,MAXIMILLIAN MILNE,1,1,LH,H3-0
WCF2025_M4,MAXIMILLIAN MILNE,1,1,RH,H4-0
WCF2025_M4,MAXIMILLIAN MILNE,1,1,LL,H1-1
WCF2025_M4,MAXIMILLIAN MILNE,1,1,RL,H1-1
WCF2025_M4,MAXIMILLIAN MILNE,1,2,LL,H2-0
WCF2025_M4,MAXIMILLIAN MILNE,2,1,LH,H3-0
WCF2025_M4,MAXIMILLIAN MILNE,2,1,RH,H4-0
WCF2025_M4,MAXIMILLIAN MILNE,2,1,LL,H1-1
WCF2025_M4,MAXIMILLIAN MILNE,2,1,RL,H1-1
WCF2025_M4,MAXIMILLIAN MILNE,2,2,LL,H2-0
WCF2025_M4,MAXIMILLIAN MILNE,2,2,LH,H6-3
WCF2025_M4,MAXIMILLIAN MILNE,2,2,RH,H5-2
WCF2025_M4,MAXIMILLIAN MILNE,2,3,RH,H7-3
WCF2025_M4,MAXIMILLIAN MILNE,2,3,RL,H5-3
WCF2025_M4,MAXIMILLIAN MILNE,2,3,LL,H6-3
WCF2025_M4,MAXIMILLIAN MILNE,2,3,LH,H7-1
WCF2025_M4,MAXIMILLIAN MILNE,2,4,LH,H8-0
WCF2025_M4,MAXIMILLIAN MILNE,2,5,LH,H9-3
WCF2025_M4,MAXIMILLIAN MILNE,2,5,RL,H6-4
WCF2025_M4,MAXIMILLIAN MILNE,2,5,RL,H7-2
WCF2025_M4,MAXIMILLIAN MILNE,2,5,RH,H9-1
WCF2025_M4,MAXIMILLIAN MILNE,2,5,LH,H9-1
WCF2025_M4,MAXIMILLIAN MILNE,2,6,RH,H10-0
WCF2025_M4,MAXIMILLIAN MILNE,2,6,RL,H8-0
WCF2025_M4,MAXIMILLIAN MILNE,3,1,LH,H3-0
WCF2025_M4,MAXIMILLIAN MILNE,3,1,RH,H4-0
WCF2025_M4,MAXIMILLIAN MILNE,3,1,LL,H1-1
WCF2025_M4,MAXIMILLIAN MILNE,3,1,RL,H1-1
WCF2025_M4,MAXIMILLIAN MILNE,3,2,LL,H2-0
WCF2025_M4,MAXIMILLIAN MILNE,3,2,LH,H6-3
WCF2025_M4,MAXIMILLIAN MILNE,3,2,RH,H5-2
WCF2025_M4,MAXIMILLIAN MILNE,3,3,RH,H7-3
WCF2025_M4,MAXIMILLIAN MILNE,3,3,RL,H5-3
WCF2025_M4,MAXIMILLIAN MILNE,3,3,LL,H6-3
WCF2025_M4,MAXIMILLIAN MILNE,3,3,LH,H7-1
WCF2025_M4,MAXIMILLIAN MILNE,3,4,LH,H8-0
WCF2025_M4,MAXIMILLIAN MILNE,3,5,LH,H9-3
WCF2025_M4,MAXIMILLIAN MILNE,3,5,RL,H6-4
WCF2025_M4,MAXIMILLIAN MILNE,3,5,RL,H7-2
WCF2025_M4,MAXIMILLIAN MILNE,3,5,RH,H9-3
WCF2025_M4,MAXIMILLIAN MILNE,3,5,RH,H9-1
WCF2025_M4,MAXIMILLIAN MILNE,3,5,LH,H9-1
WCF2025_M4,MAXIMILLIAN MILNE,3,5,LL,H6-1
WCF2025_M4,MAXIMILLIAN MILNE,3,6,RH,H10-0
WCF2025_M4,MAXIMILLIAN MILNE,3,6,RL,H8-0
WCF2025_M4,MAXIMILLIAN MILNE,3,7,RH,H11-2
WCF2025_M4,MAXIMILLIAN MILNE,3,7,LH,H11-1
WCF2025_M4,SOHTA AMAGASA,1,1,LH,H3-0
WCF2025_M4,SOHTA AMAGASA,1,1,RH,H4-0
WCF2025_M4,SOHTA AMAGASA,1,1,LL,H1-1
WCF2025_M4,SOHTA AMAGASA,1,1,RL,H1-1
WCF2025_M4,SOHTA AMAGASA,1,2,LL,H2-0
WCF2025_M4,SOHTA AMAGASA,1,2,LH,H6-3
WCF2025_M4,SOHTA AMAGASA,1,2,RH,H5-2
WCF2025_M4,SOHTA AMAGASA,1,3,RH,H7-3
WCF2025_M4,SOHTA AMAGASA,1,3,RL,H5-3
WCF2025_M4,SOHTA AMAGASA,1,3,LL,H6-3
WCF2025_M4,SOHTA AMAGASA,1,3,LH,H9-3
WCF2025_M4,SOHTA AMAGASA,1,3,RL,H7-2
WCF2025_M4,SOHTA AMAGASA,1,3,RH,H9-1
WCF2025_M4,SOHTA AMAGASA,1,3,LH,H9-1
WCF2025_M4,SOHTA AMAGASA,1,3,RH,H10-0
WCF2025_M4,SOHTA AMAGASA,2,1,LH,H3-0
WCF2025_M4,SOHTA AMAGASA,2,1,RH,H4-0
WCF2025_M4,SOHTA AMAGASA,2,1,LL,H1-1
WCF2025_M4,SOHTA AMAGASA,2,1,RL,H1-1
WCF2025_M4,SOHTA AMAGASA,2,2,LL,H2-0
WCF2025_M4,SOHTA AMAGASA,2,2,LH,H6-3
WCF2025_M4,SOHTA AMAGASA,2,2,RH,H5-2
WCF2025_M4,SOHTA AMAGASA,2,3,RH,H7-3
WCF2025_M4,SOHTA AMAGASA,2,3,RL,H5-3
WCF2025_M4,SOHTA AMAGASA,2,3,LL,H6-3
WCF2025_M4,SOHTA AMAGASA,2,3,LH,H8-0
WCF2025_M4,SOHTA AMAGASA,2,3,LH,H9-3
WCF2025_M4,SOHTA AMAGASA,2,3,RL,H6-4
WCF2025_M4,SOHTA AMAGASA,2,4,RL,H7-2
WCF2025_M4,SOHTA AMAGASA,2,4,RH,H9-1
WCF2025_M4,SOHTA AMAGASA,2,4,LH,H9-1
WCF2025_M4,SOHTA AMAGASA,2,5,RH,H10-0
WCF2025_M4,SOHTA AMAGASA,3,1,LH,H3-0
WCF2025_M4,SOHTA AMAGASA,3,1,RH,H4-0
WCF2025_M4,SOHTA AMAGASA,3,1,LL,H1-1
WCF2025_M4,SOHTA AMAGASA,3,1,RL,H1-1
WCF2025_M4,SOHTA AMAGASA,3,2,LL,H2-0
WCF2025_M4,SOHTA AMAGASA,3,2,LH,H6-3
WCF2025_M4,SOHTA AMAGASA,3,2,RH,H5-2
WCF2025_M4,SOHTA AMAGASA,3,3,RH,H7-3
WCF2025_M4,SOHTA AMAGASA,3,3,RL,H5-3
WCF2025_M4,SOHTA AMAGASA,3,3,LL,H6-3
WCF2025_M4,SOHTA AMAGASA,3,3,LH,H9-3
WCF2025_M4,SOHTA AMAGASA,3,4,RH,H9-1
WCF2025_M4,SOHTA AMAGASA,3,4,LH,H9-1
WCF2025_M4,SOHTA AMAGASA,3,5,RH,H10-0
WCF2025_M4,MEICHI NARASAKI,1,1,LH,H3-0
WCF2025_M4,MEICHI NARASAKI,1,1,RH,H4-0
WCF2025_M4,MEICHI NARASAKI,1,1,LL,H1-1
WCF2025_M4,MEICHI NARASAKI,1,1,RL,H1-1
WCF2025_M4,MEICHI NARASAKI,1,2,LL,H2-0
WCF2025_M4,MEICHI NARASAKI,2,1,LH,H3-0
WCF2025_M4,MEICHI NARASAKI,2,1,RH,H4-0
WCF2025_M4,MEICHI NARASAKI,2,1,LL,H1-1
WCF2025_M4,MEICHI NARASAKI,2,1,RL,H1-1
WCF2025_M4,MEICHI NARASAKI,2,2,LL,H2-0
WCF2025_M4,MEICHI NARASAKI,3,1,LH,H3-0
WCF2025_M4,MEICHI NARASAKI,3,1,RH,H4-0
WCF2025_M4,MEICHI NARASAKI,3,1,LL,H1-1
WCF2025_M4,MEICHI NARASAKI,3,1,RL,H1-1
WCF2025_M4,MEICHI NARASAKI,3,2,LL,H2-0
WCF2025_M4,MEICHI NARASAKI,4,1,LH,H3-0
WCF2025_M4,MEICHI NARASAKI,4,1,RH,H4-0
WCF2025_M4,MEICHI NARASAKI,4,1,LL,H1-1
WCF2025_M4,MEICHI NARASAKI,4,1,RL,H1-1
WCF2025_M4,MEICHI NARASAKI,4,2,LL,H2-0
WCF2025_M4,MEICHI NARASAKI,5,1,LH,H3-0
WCF2025_M4,MEICHI NARASAKI,5,1,RH,H4-0
WCF2025_M4,MEICHI NARASAKI,5,1,LL,H1-1
WCF2025_M4,MEICHI NARASAKI,5,1,RL,H1-1
WCF2025_M4,MEICHI NARASAKI,5,2,LL,H2-0
WCF2025_M4,MEICHI NARASAKI,5,2,LH,H6-3
WCF2025_M4,MEICHI NARASAKI,5,2,RH,H5-2
WCF2025_M4,MEICHI NARASAKI,6,1,LH,H3-0
WCF2025_M4,MEICHI NARASAKI,6,1,RH,H4-0
WCF2025_M4,MEICHI NARASAKI,6,1,LL,H1-1
WCF2025_M4,MEICHI NARASAKI,6,1,RL,H1-1
WCF2025_M4,MEICHI NARASAKI,6,2,LL,H2-0
WCF2025_M4,MEICHI NARASAKI,6,2,LH,H6-3
WCF2025_M4,MEICHI NARASAKI,6,2,RH,H5-2
WCF2025_M4,MEICHI NARASAKI,7,1,LH,H3-0
WCF2025_M4,MEICHI NARASAKI,7,1,RH,H4-0
WCF2025_M4,MEICHI NARASAKI,7,1,LL,H1-1
WCF2025_M4,MEICHI NARASAKI,7,1,RL,H1-1
WCF2025_M4,MEICHI NARASAKI,7,2,LL,H2-0
WCF2025_M4,MEICHI NARASAKI,7,2,LH,H6-3
WCF2025_M4,MEICHI NARASAKI,7,2,RH,H5-2
WCF2025_W2,ERIN MCNEICE,1,1,RH,H5-4
WCF2025_W2,ERIN MCNEICE,1,1,LH,H5-4
WCF2025_W2,ERIN MCNEICE,1,1,LL,H2-0
WCF2025_W2,ERIN MCNEICE,1,1,RL,H1-0
WCF2025_W2,ERIN MCNEICE,1,2,RL,H2-0
WCF2025_W2,ERIN MCNEICE,1,2,LL,H1-0
WCF2025_W2,ERIN MCNEICE,1,3,RL,H3-0
WCF2025_W2,ERIN MCNEICE,1,3,LL,H3-0
WCF2025_W2,ERIN MCNEICE,1,3,RH,H8-3
WCF2025_W2,ERIN MCNEICE,1,3,LH,H6-2
WCF2025_W2,ERIN MCNEICE,1,4,RL,H4-2
WCF2025_W2,ERIN MCNEICE,1,4,LL,H6-2
WCF2025_W2,ERIN MCNEICE,1,4,LH,H8-1
WCF2025_W2,ERIN MCNEICE,1,5,RH,H11-0
WCF2025_W2,ERIN MCNEICE,1,5,LH,H11-0
WCF2025_W2,ERIN MCNEICE,1,6,RH,H10-4
WCF2025_W2,ERIN MCNEICE,1,6,LL,H8-4
WCF2025_W2,ERIN MCNEICE,1,6,RL,H7-0
WCF2025_W2,ERIN MCNEICE,2,1,RH,H5-4
WCF2025_W2,ERIN MCNEICE,2,1,LH,H5-4
WCF2025_W2,ERIN MCNEICE,2,1,LL,H1-0
WCF2025_W2,ERIN MCNEICE,2,1,RL,H2-0
WCF2025_W2,ERIN MCNEICE,2,2,RL,H3-0
WCF2025_W2,ERIN MCNEICE,2,2,LL,H3-0
WCF2025_W2,ERIN MCNEICE,2,2,RH,H8-3
WCF2025_W2,ERIN MCNEICE,2,2,LH,H6-2
WCF2025_W2,ERIN MCNEICE,2,3,RL,H4-2
WCF2025_W2,ERIN MCNEICE,2,3,LL,H6-2
WCF2025_W2,ERIN MCNEICE,2,3,LH,H8-1
WCF2025_W2,ERIN MCNEICE,2,4,RH,H11-0
WCF2025_W2,ERIN MCNEICE,2,4,LH,H11-0
WCF2025_W2,ERIN MCNEICE,2,5,RH,H10-4
WCF2025_W2,ERIN MCNEICE,2,5,LL,H9-0
WCF2025_W2,ERIN MCNEICE,2,5,RL,H7-0
WCF2025_W2,ERIN MCNEICE,2,6,RH,H14-2
WCF2025_W2,ERIN MCNEICE,2,6,LH,H13-0
WCF2025_W2,ERIN MCNEICE,2,6,LH,H14-2
WCF2025_W2,ERIN MCNEICE,2,6,LL,H10-2
WCF2025_W2,ERIN MCNEICE,2,7,RH,H16-0
WCF2025_W2,ERIN MCNEICE,2,7,LH,H16-0
WCF2025_W2,AGATHE CALLIET,1,1,RH,H5-4
WCF2025_W2,AGATHE CALLIET,1,1,LH,H5-4
WCF2025_W2,AGATHE CALLIET,1,1,LL,H1-0
WCF2025_W2,AGATHE CALLIET,1,1,RL,H2-0
WCF2025_W2,AGATHE CALLIET,2,1,RH,H5-4
WCF2025_W2,AGATHE CALLIET,2,1,LH,H5-4
WCF2025_W2,AGATHE CALLIET,2,1,LL,H1-0
WCF2025_W2,AGATHE CALLIET,2,1,RL,H2-0
WCF2025_W2,AGATHE CALLIET,3,1,RH,H5-4
WCF2025_W2,AGATHE CALLIET,3,1,LH,H5-4
WCF2025_W2,AGATHE CALLIET,3,1,LL,H1-0
WCF2025_W2,AGATHE CALLIET,3,1,RL,H2-0
WCF2025_W2,AGATHE CALLIET,3,2,RL,H3-0
WCF2025_W2,AGATHE CALLIET,3,2,LL,H3-0
WCF2025_W2,AGATHE CALLIET,3,2,RH,H8-3
WCF2025_W2,AGATHE CALLIET,3,2,LH,H6-2
WCF2025_W2,AGATHE CALLIET,3,2,RL,H4-2
WCF2025_W2,AGATHE CALLIET,3,2,LL,H6-2
WCF2025_W2,AGATHE CALLIET,3,2,LH,H8-1
WCF2025_W2,AGATHE CALLIET,3,3,LH,H11-0
WCF2025_W2,AGATHE CALLIET,3,3,RH,H10-4
WCF2025_W2,AGATHE CALLIET,3,3,LL,H4-2
WCF2025_W2,AGATHE CALLIET,3,4,LL,H9-0
WCF2025_W2,AGATHE CALLIET,3,4,RL,H7-0
WCF2025_W2,AGATHE CALLIET,3,4,LH,H13-0
WCF2025_W2,AGATHE CALLIET,3,4,RH,H14-2
WCF2025_W2,AGATHE CALLIET,4,1,RH,H5-4
WCF2025_W2,AGATHE CALLIET,4,1,LH,H5-4
WCF2025_W2,AGATHE CALLIET,4,1,LL,H1-0
WCF2025_W2,AGATHE CALLIET,4,1,RL,H2-0
WCF2025_W2,AGATHE CALLIET,4,2,RL,H3-0
WCF2025_W2,AGATHE CALLIET,5,1,RH,H5-4
WCF2025_W2,AGATHE CALLIET,5,1,LH,H5-4
WCF2025_W2,AGATHE CALLIET,5,1,LL,H1-0
WCF2025_W2,AGATHE CALLIET,5,1,RL,H2-0
WCF2025_W2,AGATHE CALLIET,5,2,RL,H3-0
WCF2025_W2,AGATHE CALLIET,6,1,RH,H5-4
WCF2025_W2,AGATHE CALLIET,6,1,LH,H5-4
WCF2025_W2,AGATHE CALLIET,6,1,LL,H1-0
WCF2025_W2,AGATHE CALLIET,6,1,RL,H2-0
WCF2025_W2,AGATHE CALLIET,6,2,RL,H3-0
WCF2025_W2,AGATHE CALLIET,7,1,RH,H5-4
WCF2025_W2,AGATHE CALLIET,7,1,LH,H5-4
WCF2025_W2,AGATHE CALLIET,7,1,LL,H1-0
WCF2025_W2,AGATHE CALLIET,7,1,RL,H2-0
WCF2025_W2,AGATHE CALLIET,7,2,RL,H3-0
WCF2025_W2,AGATHE CALLIET,7,2,LL,H3-0
WCF2025_W2,AGATHE CALLIET,7,3,RL,H4-2
WCF2025_W2,AGATHE CALLIET,7,3,LH,H6-2
WCF2025_W2,AGATHE CALLIET,7,3,RH,H8-3
WCF2025_W2,AGATHE CALLIET,7,3,LL,H6-2
WCF2025_W2,AGATHE CALLIET,7,3,LH,H8-1
WCF2025_W2,AGATHE CALLIET,7,4,LH,H11-0
WCF2025_W2,AGATHE CALLIET,7,4,RH,H10-4
WCF2025_W2,AGATHE CALLIET,7,4,LL,H4-2
WCF2025_W2,AGATHE CALLIET,7,5,RL,H7-0
WCF2025_W2,AGATHE CALLIET,7,5,LL,H9-0
WCF2025_W2,AGATHE CALLIET,7,5,LH,H13-0
WCF2025_W2,AGATHE CALLIET,7,5,RH,H14-2
WCF2025_W2,AGATHE CALLIET,8,1,RH,H5-4
WCF2025_W2,AGATHE CALLIET,8,1,LH,H5-4
WCF2025_W2,AGATHE CALLIET,8,1,LL,H1-0
WCF2025_W2,AGATHE CALLIET,8,1,RL,H2-0
WCF2025_W2,AGATHE CALLIET,8,2,RL,H3-0
WCF2025_W2,AGATHE CALLIET,8,2,LL,H3-0
WCF2025_W2,AGATHE CALLIET,8,3,RL,H4-2
WCF2025_W2,AGATHE CALLIET,8,3,LH,H6-2
WCF2025_W2,AGATHE CALLIET,8,3,RH,H8-3
WCF2025_W2,AGATHE CALLIET,8,3,LL,H6-2
WCF2025_W2,AGATHE CALLIET,8,3,LH,H8-1
WCF2025_W2,AGATHE CALLIET,8,4,LH,H11-0
WCF2025_W2,AGATHE CALLIET,8,4,RH,H10-4
WCF2025_W2,AGATHE CALLIET,8,4,LL,H4-2
WCF2025_W2,AGATHE CALLIET,8,5,RL,H7-0
WCF2025_W2,AGATHE CALLIET,8,5,LL,H9-0
WCF2025_W2,AGATHE CALLIET,8,5,LH,H13-0
WCF2025_W2,AGATHE CALLIET,8,5,RH,H14-2
WCF2025_W2,AGATHE CALLIET,9,1,RH,H5-4
WCF2025_W2,AGATHE CALLIET,9,1,LH,H5-4
WCF2025_W2,AGATHE CALLIET,9,1,LL,H1-0
WCF2025_W2,AGATHE CALLIET,9,1,RL,H2-0
WCF2025_W2,AGATHE CALLIET,9,2,RL,H3-0
WCF2025_W2,AGATHE CALLIET,9,2,LL,H3-0
WCF2025_W2,ANNIE SANDERS,1,1,RH,H5-4
WCF2025_W2,ANNIE SANDERS,1,1,LH,H5-4
WCF2025_W2,ANNIE SANDERS,1,1,LL,H2-0
WCF2025_W2,ANNIE SANDERS,1,1,RL,H1-0
WCF2025_W2,ANNIE SANDERS,1,2,LL,H1-0
WCF2025_W2,ANNIE SANDERS,1,2,RL,H3-0
WCF2025_W2,ANNIE SANDERS,1,2,LL,H2-0
WCF2025_W2,ANNIE SANDERS,1,2,LL,H5-1
WCF2025_W2,ANNIE SANDERS,2,1,RH,H5-4
WCF2025_W2,ANNIE SANDERS,2,1,LH,H5-4
WCF2025_W2,ANNIE SANDERS,2,1,LL,H1-0
WCF2025_W2,ANNIE SANDERS,2,1,RL,H2-0
WCF2025_W2,ANNIE SANDERS,2,2,RL,H3-0
WCF2025_W2,ANNIE SANDERS,3,1,RH,H5-4
WCF2025_W2,ANNIE SANDERS,3,1,LH,H5-4
WCF2025_W2,ANNIE SANDERS,3,1,LL,H1-0
WCF2025_W2,ANNIE SANDERS,3,1,RL,H2-0
WCF2025_W2,ANNIE SANDERS,3,2,RL,H3-0
WCF2025_W2,ANNIE SANDERS,4,1,RH,H5-4
WCF2025_W2,ANNIE SANDERS,4,1,LH,H5-4
WCF2025_W2,ANNIE SANDERS,4,1,LL,H1-0
WCF2025_W2,ANNIE SANDERS,4,1,RL,H2-0
WCF2025_W2,ANNIE SANDERS,4,2,RL,H3-0
WCF2025_W2,ANNIE SANDERS,5,1,RH,H5-4
WCF2025_W2,ANNIE SANDERS,5,1,LH,H5-4
WCF2025_W2,ANNIE SANDERS,5,1,LL,H1-0
WCF2025_W2,ANNIE SANDERS,5,1,RL,H2-0
WCF2025_W2,ANNIE SANDERS,5,2,RL,H3-0
WCF2025_W2,ANNIE SANDERS,6,1,RH,H5-4
WCF2025_W2,ANNIE SANDERS,6,1,LH,H5-4
WCF2025_W2,ANNIE SANDERS,6,1,LL,H1-0
WCF2025_W2,ANNIE SANDERS,6,1,RL,H2-0
WCF2025_W2,ANNIE SANDERS,6,2,RL,H3-0
WCF2025_W2,ANNIE SANDERS,7,1,RH,H5-4
WCF2025_W2,ANNIE SANDERS,7,1,LH,H5-4
WCF2025_W2,ANNIE SANDERS,7,1,LL,H1-0
WCF2025_W2,ANNIE SANDERS,7,1,RL,H2-0
WCF2025_W2,ANNIE SANDERS,7,2,RL,H3-0
WCF2025_W2,ANNIE SANDERS,7,2,LL,H3-0
WCF2025_W2,ANNIE SANDERS,7,3,RL,H4-2
WCF2025_W2,ANNIE SANDERS,7,3,LH,H6-2
WCF2025_W2,ANNIE SANDERS,7,3,RH,H8-3
WCF2025_W2,ANNIE SANDERS,7,4,LL,H6-2
WCF2025_W2,ANNIE SANDERS,7,4,LH,H8-3
WCF2025_W2,ANNIE SANDERS,7,5,LH,H11-0
WCF2025_W2,ANNIE SANDERS,7,5,RH,H10-4
WCF2025_W2,ANNIE SANDERS,7,5,LL,H7-0
WCF2025_W2,ANNIE SANDERS,7,6,RL,H7-0
WCF2025_W2,ANNIE SANDERS,7,6,LL,H8-4
WCF2025_W2,ANNIE SANDERS,7,7,LH,H13-0
WCF2025_W2,ANNIE SANDERS,7,7,RH,H14-2
WCF2025_W2,ANNIE SANDERS,8,1,RH,H5-4
WCF2025_W2,ANNIE SANDERS,8,1,LH,H5-4
WCF2025_W2,ANNIE SANDERS,8,1,LL,H1-0
WCF2025_W2,ANNIE SANDERS,8,1,RL,H2-0
WCF2025_W2,ANNIE SANDERS,8,2,RL,H3-0
WCF2025_W2,ANNIE SANDERS,8,2,LL,H3-0
WCF2025_W2,ANNIE SANDERS,8,3,RL,H4-2
WCF2025_W2,ANNIE SANDERS,8,3,LH,H6-2
WCF2025_W2,ANNIE SANDERS,8,3,RH,H8-3
WCF2025_W2,ANNIE SANDERS,8,4,LL,H6-2
WCF2025_W2,ANNIE SANDERS,8,4,LH,H8-3
WCF2025_W2,ANNIE SANDERS,8,5,LH,H11-0
WCF2025_W2,ANNIE SANDERS,8,5,RH,H10-4
WCF2025_W2,ANNIE SANDERS,8,5,LL,H9-0
WCF2025_W2,ANNIE SANDERS,8,6,LH,H13-0
WCF2025_W2,ANNIE SANDERS,8,6,RH,H14-2
WCF2025_W2,ANNIE SANDERS,9,1,RH,H5-4
WCF2025_W2,ANNIE SANDERS,9,1,LH,H5-4
WCF2025_W2,ANNIE SANDERS,9,1,LL,H1-0
WCF2025_W2,ANNIE SANDERS,9,1,RL,H2-0
WCF2025_W2,ANNIE SANDERS,9,2,RL,H3-0
WCF2025_W2,ANNIE SANDERS,9,2,LL,H3-0
WCF2025_W2,ANNIE SANDERS,9,3,RL,H4-2
WCF2025_W2,ANNIE SANDERS,9,3,LH,H6-2
WCF2025_W2,ANNIE SANDERS,9,3,RH,H8-3
WCF2025_W2,ANNIE SANDERS,9,4,LL,H6-2
WCF2025_W2,ANNIE SANDERS,9,4,LH,H8-3
WCF2025_W2,ANNIE SANDERS,9,5,LH,H11-0
WCF2025_W2,ANNIE SANDERS,9,5,RH,H10-4
WCF2025_W2,ANNIE SANDERS,9,5,LL,H9-0
WCF2025_W2,ANNIE SANDERS,9,5,RL,H10-4
WCF2025_W2,NATALIA GROSSMAN,1,1,RH,H5-4
WCF2025_W2,NATALIA GROSSMAN,1,1,LH,H5-4
WCF2025_W2,NATALIA GROSSMAN,1,1,LL,H1-0
WCF2025_W2,NATALIA GROSSMAN,1,1,RL,H2-0
WCF2025_W2,NATALIA GROSSMAN,1,2,RL,H3-0
WCF2025_W2,NATALIA GROSSMAN,1,2,RH,H6-2
WCF2025_W2,NATALIA GROSSMAN,2,1,RH,H5-4
WCF2025_W2,NATALIA GROSSMAN,2,1,LH,H5-4
WCF2025_W2,NATALIA GROSSMAN,2,1,LL,H1-0
WCF2025_W2,NATALIA GROSSMAN,2,1,RL,H2-0
WCF2025_W2,NATALIA GROSSMAN,2,2,RL,H3-0
WCF2025_W2,NATALIA GROSSMAN,2,2,LL,H3-0
WCF2025_W2,NATALIA GROSSMAN,2,2,RH,H8-3
WCF2025_W2,NATALIA GROSSMAN,2,2,LH,H6-2
WCF2025_W2,NATALIA GROSSMAN,2,2,RL,H4-1
WCF2025_W2,NATALIA GROSSMAN,2,2,LH,H6-1
WCF2025_W2,NATALIA GROSSMAN,2,3,LL,H6-2
WCF2025_W2,NATALIA GROSSMAN,2,3,LH,H8-1
WCF2025_W2,NATALIA GROSSMAN,2,3,RH,H11-0
WCF2025_W2,NATALIA GROSSMAN,2,3,LL,H7-0
WCF2025_W2,NATALIA GROSSMAN,2,4,LH,H11-0
WCF2025_W2,NATALIA GROSSMAN,2,4,RH,H10-4
WCF2025_W2,NATALIA GROSSMAN,2,4,RL,H7-0
WCF2025_W2,NATALIA GROSSMAN,2,4,LL,J9-0
WCF2025_W2,NATALIA GROSSMAN,3,1,RH,H5-4
WCF2025_W2,NATALIA GROSSMAN,3,1,LH,H5-4
WCF2025_W2,NATALIA GROSSMAN,3,1,LL,H1-0
WCF2025_W2,NATALIA GROSSMAN,3,1,RL,H2-0
WCF2025_W2,NATALIA GROSSMAN,3,2,RL,H3-0
WCF2025_W2,NATALIA GROSSMAN,3,2,LL,H3-0
WCF2025_W2,NATALIA GROSSMAN,3,2,RH,H8-3
WCF2025_W2,NATALIA GROSSMAN,3,2,LH,H6-2
WCF2025_W2,NATALIA GROSSMAN,3,2,RL,H4-1
WCF2025_W2,NATALIA GROSSMAN,3,2,LH,H6-1
WCF2025_W2,NATALIA GROSSMAN,3,3,LL,H6-2
WCF2025_W2,NATALIA GROSSMAN,3,3,LH,H8-1
WCF2025_W2,NATALIA GROSSMAN,3,3,RH,H11-0
WCF2025_W2,NATALIA GROSSMAN,3,3,LL,H4-1
WCF2025_W2,NATALIA GROSSMAN,3,3,LH,H11-0
WCF2025_W2,NATALIA GROSSMAN,3,4,RH,H10-4
WCF2025_W2,NATALIA GROSSMAN,3,4,RL,H7-0
WCF2025_W2,NATALIA GROSSMAN,3,4,LL,H9-0
WCF2025_W2,NATALIA GROSSMAN,3,5,LH,H13-0
WCF2025_W2,NATALIA GROSSMAN,3,5,RH,H14-2
WCF2025_W2,NATALIA GROSSMAN,3,5,LL,H10-4
WCF2025_W2,NATALIA GROSSMAN,3,6,RH,H16-0
WCF2025_W2,NATALIA GROSSMAN,3,6,LH,H16-0
WCF2025_W2,ZELIA AVEZOU,1,1,RH,H5-4
WCF2025_W2,ZELIA AVEZOU,1,1,LH,H5-4
WCF2025_W2,ZELIA AVEZOU,1,1,LL,H1-0
WCF2025_W2,ZELIA AVEZOU,1,1,RL,H2-0
WCF2025_W2,ZELIA AVEZOU,1,2,RL,H3-0
WCF2025_W2,ZELIA AVEZOU,1,2,LL,H3-0
WCF2025_W2,ZELIA AVEZOU,1,2,RH,H8-3
WCF2025_W2,ZELIA AVEZOU,1,2,LH,H6-2
WCF2025_W2,ZELIA AVEZOU,1,2,RL,H4-1
WCF2025_W2,ZELIA AVEZOU,1,2,LH,H6-1
WCF2025_W2,ZELIA AVEZOU,1,3,LL,H6-2
WCF2025_W2,ZELIA AVEZOU,1,3,LH,H8-1
WCF2025_W2,ZELIA AVEZOU,1,4,LH,H11-0
WCF2025_W2,ZELIA AVEZOU,1,4,RH,H10-4
WCF2025_W2,ZELIA AVEZOU,1,4,LL,H7-0
WCF2025_W2,ZELIA AVEZOU,1,4,RL,H7-0
WCF2025_W2,ZELIA AVEZOU,1,5,LL,H9-0
WCF2025_W2,ZELIA AVEZOU,1,5,LH,H13-0
WCF2025_W2,ZELIA AVEZOU,1,5,RH,H14-2
WCF2025_W2,ZELIA AVEZOU,2,1,RH,H5-4
WCF2025_W2,ZELIA AVEZOU,2,1,LH,H5-4
WCF2025_W2,ZELIA AVEZOU,2,1,LL,H1-0
WCF2025_W2,ZELIA AVEZOU,2,1,RL,H2-0
WCF2025_W2,ZELIA AVEZOU,2,2,RL,H3-0
WCF2025_W2,ZELIA AVEZOU,2,2,LL,H3-0
WCF2025_W2,ZELIA AVEZOU,2,2,RH,H8-3
WCF2025_W2,ZELIA AVEZOU,2,2,LH,H6-2
WCF2025_W2,ZELIA AVEZOU,2,2,RL,H4-1
WCF2025_W2,ZELIA AVEZOU,2,2,LH,H6-1
WCF2025_W2,ZELIA AVEZOU,2,3,LL,H6-2
WCF2025_W2,ZELIA AVEZOU,2,3,LH,H8-1
WCF2025_W2,ZELIA AVEZOU,2,4,LH,H11-0
WCF2025_W2,ZELIA AVEZOU,2,4,RH,H10-4
WCF2025_W2,ZELIA AVEZOU,2,4,LL,H7-0
WCF2025_W2,ZELIA AVEZOU,2,4,RL,H7-0
WCF2025_W2,ZELIA AVEZOU,2,5,LL,H9-0
WCF2025_W2,ZELIA AVEZOU,2,5,LH,H13-0
WCF2025_W2,ZELIA AVEZOU,2,5,RH,H14-2
WCF2025_W2,ZELIA AVEZOU,2,6,RH,H16-0
WCF2025_W2,ZELIA AVEZOU,2,6,LH,H16-0
WCF2025_W2,MIHO NONAKA,1,1,RH,H5-4
WCF2025_W2,MIHO NONAKA,1,1,LH,H5-4
WCF2025_W2,MIHO NONAKA,1,1,LL,H1-0
WCF2025_W2,MIHO NONAKA,1,1,RL,H2-0
WCF2025_W2,MIHO NONAKA,1,2,RL,H3-0
WCF2025_W2,MIHO NONAKA,2,1,RH,H5-4
WCF2025_W2,MIHO NONAKA,2,1,LH,H5-4
WCF2025_W2,MIHO NONAKA,2,1,LL,H1-0
WCF2025_W2,MIHO NONAKA,2,1,RL,H2-0
WCF2025_W2,MIHO NONAKA,2,2,RL,H3-0
WCF2025_W2,MIHO NONAKA,2,3,LL,H3-0
WCF2025_W2,MIHO NONAKA,3,1,RH,H5-4
WCF2025_W2,MIHO NONAKA,3,1,LH,H5-4
WCF2025_W2,MIHO NONAKA,3,1,LL,H1-0
WCF2025_W2,MIHO NONAKA,3,1,RL,H2-0
WCF2025_W2,MIHO NONAKA,3,2,RL,H3-0
WCF2025_W2,MIHO NONAKA,3,2,LL,H3-0
WCF2025_W2,MIHO NONAKA,3,2,RH,H8-3
WCF2025_W2,MIHO NONAKA,3,2,LH,H6-2
WCF2025_W2,MIHO NONAKA,3,2,RL,H4-1
WCF2025_W2,MIHO NONAKA,3,3,LL,H6-2
WCF2025_W2,MIHO NONAKA,3,3,LH,H8-1
WCF2025_W2,MIHO NONAKA,3,4,LH,H11-0
WCF2025_W2,MIHO NONAKA,3,4,RH,H10-4
WCF2025_W2,MIHO NONAKA,3,5,LL,H9-0
WCF2025_W2,MIHO NONAKA,3,5,RL,H7-0
WCF2025_W2,MIHO NONAKA,4,1,RH,H5-4
WCF2025_W2,MIHO NONAKA,4,1,LH,H5-4
WCF2025_W2,MIHO NONAKA,4,1,LL,H1-0
WCF2025_W2,MIHO NONAKA,4,1,RL,H2-0
WCF2025_W2,MIHO NONAKA,4,2,RL,H3-0
WCF2025_W2,MIHO NONAKA,4,2,LL,H3-0
WCF2025_W2,MIHO NONAKA,4,2,RH,H8-3
WCF2025_W2,MIHO NONAKA,4,2,LH,H6-2
WCF2025_W2,MIHO NONAKA,4,2,RL,H4-1
WCF2025_W2,MIHO NONAKA,4,3,LL,H6-2
WCF2025_W2,MIHO NONAKA,4,3,LH,H8-1
WCF2025_W2,MIHO NONAKA,4,4,LH,H11-0
WCF2025_W2,MIHO NONAKA,4,4,RH,H10-4
WCF2025_W2,MIHO NONAKA,4,5,LL,H9-0
WCF2025_W2,MIHO NONAKA,4,5,RL,H7-0
WCF2025_W2,MIHO NONAKA,5,1,RH,H5-4
WCF2025_W2,MIHO NONAKA,5,1,LH,H5-4
WCF2025_W2,MIHO NONAKA,5,1,LL,H1-0
WCF2025_W2,MIHO NONAKA,5,1,RL,H2-0
WCF2025_W2,MIHO NONAKA,5,2,RL,H3-0
WCF2025_W2,MIHO NONAKA,5,2,LL,H3-0
WCF2025_W2,MIHO NONAKA,6,1,RH,H5-4
WCF2025_W2,MIHO NONAKA,6,1,LH,H5-4
WCF2025_W2,MIHO NONAKA,6,1,LL,H1-0
WCF2025_W2,MIHO NONAKA,6,1,RL,H2-0
WCF2025_W2,MIHO NONAKA,6,2,RL,H3-0
WCF2025_W2,MIHO NONAKA,6,2,LL,H3-0
WCF2025_W2,MIHO NONAKA,6,2,RH,H8-3
WCF2025_W2,MIHO NONAKA,6,2,LH,H6-2
WCF2025_W2,MIHO NONAKA,6,2,RL,H4-1
WCF2025_W2,MIHO NONAKA,6,3,LL,H6-2
WCF2025_W2,MIHO NONAKA,6,3,LH,H8-1
WCF2025_W2,MIHO NONAKA,6,4,LH,H11-0
WCF2025_W2,MIHO NONAKA,6,4,RH,H10-4
WCF2025_W2,MIHO NONAKA,6,5,LL,H9-0
WCF2025_W2,MIHO NONAKA,6,5,RL,H7-0
WCF2025_W2,MIHO NONAKA,6,6,LH,H13-0
WCF2025_W2,MIHO NONAKA,7,1,RH,H5-4
WCF2025_W2,MIHO NONAKA,7,1,LH,H5-4
WCF2025_W2,MIHO NONAKA,7,1,LL,H1-0
WCF2025_W2,MIHO NONAKA,7,1,RL,H2-0
WCF2025_W2,MIHO NONAKA,7,2,RL,H3-0
WCF2025_W2,MIHO NONAKA,7,2,LL,H3-0
WCF2025_W2,MIHO NONAKA,7,2,RH,H8-3
WCF2025_W2,MIHO NONAKA,7,2,LH,H6-2
WCF2025_W2,MIHO NONAKA,7,2,RL,H4-1
WCF2025_W2,MIHO NONAKA,7,3,LL,H6-2
WCF2025_W2,MIHO NONAKA,7,3,LH,H8-1
WCF2025_W2,MIHO NONAKA,7,4,LH,H11-0
WCF2025_W2,MIHO NONAKA,7,4,RH,H10-4
WCF2025_W2,MIHO NONAKA,7,5,LL,H9-0
WCF2025_W2,MIHO NONAKA,7,5,RL,H7-0
WCF2025_W2,MIHO NONAKA,7,6,LH,H13-0
WCF2025_W2,MIHO NONAKA,7,6,RH,H14-2
WCF2025_W2,MIHO NONAKA,7,6,LH,H14-2
WCF2025_W2,MIHO NONAKA,7,7,RH,H16-0
WCF2025_W2,MIHO NONAKA,7,7,LH,H16-0
WCF2025_W3,ERIN MCNEICE,1,1,LH,H11-3
WCF2025_W3,ERIN MCNEICE,1,1,RH,H11-4
WCF2025_W3,ERIN MCNEICE,1,1,LH,H1-1
WCF2025_W3,ERIN MCNEICE,1,1,RH,H1-2
WCF2025_W3,ERIN MCNEICE,1,2,LL,H2-0
WCF2025_W3,ERIN MCNEICE,1,2,RL,H4-0
WCF2025_W3,ERIN MCNEICE,1,2,RH,H7-4
WCF2025_W3,ERIN MCNEICE,1,3,LL,H8-0
WCF2025_W3,ERIN MCNEICE,1,3,RL,H9-1
WCF2025_W3,ERIN MCNEICE,1,3,RH,H12-4
WCF2025_W3,ERIN MCNEICE,1,3,LH,H12-3
WCF2025_W3,ERIN MCNEICE,1,3,LL,H9-1
WCF2025_W3,ERIN MCNEICE,1,3,RL,H10-0
WCF2025_W3,ERIN MCNEICE,2,1,LH,H11-3
WCF2025_W3,ERIN MCNEICE,2,1,RH,H11-4
WCF2025_W3,ERIN MCNEICE,2,1,LH,H1-1
WCF2025_W3,ERIN MCNEICE,2,1,RH,H1-2
WCF2025_W3,ERIN MCNEICE,2,2,LL,H2-0
WCF2025_W3,ERIN MCNEICE,3,1,LH,H11-3
WCF2025_W3,ERIN MCNEICE,3,1,RH,H11-4
WCF2025_W3,ERIN MCNEICE,3,1,LH,H1-1
WCF2025_W3,ERIN MCNEICE,3,1,RH,H1-2
WCF2025_W3,ERIN MCNEICE,3,2,LL,H2-0
WCF2025_W3,ERIN MCNEICE,3,2,RL,H3-3
WCF2025_W3,ERIN MCNEICE,3,2,RL,H4-0
WCF2025_W3,ERIN MCNEICE,3,2,RH,H7-4
WCF2025_W3,ERIN MCNEICE,3,3,LL,H8-0
WCF2025_W3,ERIN MCNEICE,3,3,RL,H9-1
WCF2025_W3,ERIN MCNEICE,4,1,LH,H11-3
WCF2025_W3,ERIN MCNEICE,4,1,RH,H11-4
WCF2025_W3,ERIN MCNEICE,4,1,LH,H1-1
WCF2025_W3,ERIN MCNEICE,4,1,RH,H1-2
WCF2025_W3,ERIN MCNEICE,4,2,LL,H2-0
WCF2025_W3,AGATHE CALLIET,1,1,LH,H11-3
WCF2025_W3,AGATHE CALLIET,1,1,RH,H11-4
WCF2025_W3,AGATHE CALLIET,1,1,LH,H1-1
WCF2025_W3,AGATHE CALLIET,1,1,RH,H1-2
WCF2025_W3,AGATHE CALLIET,1,2,LL,H2-0
WCF2025_W3,AGATHE CALLIET,2,1,LH,H11-3
WCF2025_W3,AGATHE CALLIET,2,1,RH,H11-4
WCF2025_W3,AGATHE CALLIET,2,1,LH,H1-1
WCF2025_W3,AGATHE CALLIET,2,1,RH,H1-2
WCF2025_W3,AGATHE CALLIET,2,2,LL,H2-0
WCF2025_W3,AGATHE CALLIET,3,1,LH,H11-3
WCF2025_W3,AGATHE CALLIET,3,1,RH,H11-4
WCF2025_W3,AGATHE CALLIET,3,1,LH,H1-1
WCF2025_W3,AGATHE CALLIET,3,1,RH,H1-2
WCF2025_W3,AGATHE CALLIET,3,2,LL,H2-0
WCF2025_W3,AGATHE CALLIET,3,2,RL,H4-0
WCF2025_W3,AGATHE CALLIET,3,2,RH,H7-4
WCF2025_W3,AGATHE CALLIET,3,3,LL,H8-0
WCF2025_W3,AGATHE CALLIET,3,3,RL,H9-1
WCF2025_W3,AGATHE CALLIET,4,1,LH,H11-3
WCF2025_W3,AGATHE CALLIET,4,1,RH,H11-4
WCF2025_W3,AGATHE CALLIET,4,1,LH,H1-1
WCF2025_W3,AGATHE CALLIET,4,1,RH,H1-2
WCF2025_W3,AGATHE CALLIET,4,2,LL,H2-0
WCF2025_W3,AGATHE CALLIET,5,1,LH,H11-3
WCF2025_W3,AGATHE CALLIET,5,1,RH,H11-4
WCF2025_W3,AGATHE CALLIET,5,1,LH,H1-1
WCF2025_W3,AGATHE CALLIET,5,1,RH,H1-2
WCF2025_W3,AGATHE CALLIET,5,2,LL,H2-0
WCF2025_W3,AGATHE CALLIET,6,1,LH,H11-3
WCF2025_W3,AGATHE CALLIET,6,1,RH,H11-4
WCF2025_W3,AGATHE CALLIET,6,1,LH,H1-1
WCF2025_W3,AGATHE CALLIET,6,1,RH,H1-2
WCF2025_W3,AGATHE CALLIET,6,2,LL,H2-0
WCF2025_W3,AGATHE CALLIET,7,1,LH,H11-3
WCF2025_W3,AGATHE CALLIET,7,1,RH,H11-4
WCF2025_W3,AGATHE CALLIET,7,1,LH,H1-1
WCF2025_W3,AGATHE CALLIET,7,1,RH,H1-2
WCF2025_W3,AGATHE CALLIET,7,2,LL,H2-0
WCF2025_W3,ANNIE SANDERS,1,1,LH,H11-3
WCF2025_W3,ANNIE SANDERS,1,1,RH,H11-4
WCF2025_W3,ANNIE SANDERS,1,1,LH,H1-1
WCF2025_W3,ANNIE SANDERS,1,1,RH,H1-2
WCF2025_W3,ANNIE SANDERS,1,2,LL,H2-0
WCF2025_W3,ANNIE SANDERS,1,2,RL,H4-0
WCF2025_W3,ANNIE SANDERS,1,2,RH,H7-4
WCF2025_W3,ANNIE SANDERS,1,3,LL,H8-0
WCF2025_W3,ANNIE SANDERS,1,3,RL,H9-1
WCF2025_W3,ANNIE SANDERS,2,1,RH,H11-4
WCF2025_W3,ANNIE SANDERS,2,1,LH,H1-1
WCF2025_W3,ANNIE SANDERS,2,1,RH,H1-2
WCF2025_W3,ANNIE SANDERS,2,2,LL,H2-0
WCF2025_W3,ANNIE SANDERS,2,2,RL,H3-3
WCF2025_W3,ANNIE SANDERS,2,2,RL,H4-0
WCF2025_W3,ANNIE SANDERS,2,2,RH,H7-4
WCF2025_W3,ANNIE SANDERS,2,3,LL,H8-0
WCF2025_W3,ANNIE SANDERS,2,3,RL,H9-1
WCF2025_W3,ANNIE SANDERS,2,4,RH,H12-2
WCF2025_W3,ANNIE SANDERS,2,4,LL,H9-1
WCF2025_W3,ANNIE SANDERS,2,4,RL,H10-0
WCF2025_W3,ANNIE SANDERS,2,4,LH,H12-1
WCF2025_W3,ANNIE SANDERS,2,5,RH,H13-0
WCF2025_W3,ANNIE SANDERS,2,5,LH,H13-0
WCF2025_W3,ANNIE SANDERS,2,5,LL,H12-2
WCF2025_W3,ANNIE SANDERS,2,5,RL,H12-3
WCF2025_W3,NATALIA GROSSMAN,1,1,LH,H11-3
WCF2025_W3,NATALIA GROSSMAN,1,1,RH,H11-4
WCF2025_W3,NATALIA GROSSMAN,1,1,LH,H1-1
WCF2025_W3,NATALIA GROSSMAN,1,1,RH,H1-2
WCF2025_W3,NATALIA GROSSMAN,1,2,LL,H2-0
WCF2025_W3,NATALIA GROSSMAN,1,2,RL,H3-3
WCF2025_W3,NATALIA GROSSMAN,1,2,RL,H4-0
WCF2025_W3,NATALIA GROSSMAN,1,2,RH,H7-4
WCF2025_W3,NATALIA GROSSMAN,1,3,LL,H8-0
WCF2025_W3,NATALIA GROSSMAN,1,3,RL,H9-1
WCF2025_W3,NATALIA GROSSMAN,2,1,LH,H11-3
WCF2025_W3,NATALIA GROSSMAN,2,1,RH,H11-4
WCF2025_W3,NATALIA GROSSMAN,2,1,LH,H1-1
WCF2025_W3,NATALIA GROSSMAN,2,1,RH,H1-2
WCF2025_W3,NATALIA GROSSMAN,2,2,LL,H2-0
WCF2025_W3,NATALIA GROSSMAN,2,2,RL,H3-3
WCF2025_W3,NATALIA GROSSMAN,2,2,RL,H4-0
WCF2025_W3,NATALIA GROSSMAN,2,2,RH,H7-4
WCF2025_W3,NATALIA GROSSMAN,2,3,LL,H8-0
WCF2025_W3,NATALIA GROSSMAN,3,1,LH,H11-3
WCF2025_W3,NATALIA GROSSMAN,3,1,RH,H11-4
WCF2025_W3,NATALIA GROSSMAN,3,1,LH,H1-1
WCF2025_W3,NATALIA GROSSMAN,3,1,RH,H1-2
WCF2025_W3,NATALIA GROSSMAN,3,2,LL,H2-0
WCF2025_W3,NATALIA GROSSMAN,3,2,RL,H3-3
WCF2025_W3,NATALIA GROSSMAN,3,2,RL,H4-0
WCF2025_W3,NATALIA GROSSMAN,3,2,RH,H7-4
WCF2025_W3,NATALIA GROSSMAN,3,3,LL,H8-0
WCF2025_W3,NATALIA GROSSMAN,3,3,RL,H9-1
WCF2025_W3,NATALIA GROSSMAN,4,1,LH,H11-3
WCF2025_W3,NATALIA GROSSMAN,4,1,RH,H11-4
WCF2025_W3,NATALIA GROSSMAN,4,1,LH,H1-1
WCF2025_W3,NATALIA GROSSMAN,4,1,RH,H1-2
WCF2025_W3,NATALIA GROSSMAN,4,2,LL,H2-0
WCF2025_W3,NATALIA GROSSMAN,4,2,RL,H3-3
WCF2025_W3,NATALIA GROSSMAN,4,2,RL,H4-0
WCF2025_W3,NATALIA GROSSMAN,4,2,RH,H7-4
WCF2025_W3,NATALIA GROSSMAN,4,3,LL,H8-0
WCF2025_W3,NATALIA GROSSMAN,4,3,RL,H9-1
WCF2025_W3,NATALIA GROSSMAN,5,1,LH,H11-3
WCF2025_W3,NATALIA GROSSMAN,5,1,RH,H11-4
WCF2025_W3,NATALIA GROSSMAN,5,1,LH,H1-1
WCF2025_W3,NATALIA GROSSMAN,5,1,RH,H1-2
WCF2025_W3,NATALIA GROSSMAN,5,2,LL,H2-0
WCF2025_W3,NATALIA GROSSMAN,5,2,RL,H3-3
WCF2025_W3,NATALIA GROSSMAN,5,2,RL,H4-0
WCF2025_W3,NATALIA GROSSMAN,5,2,RH,H7-4
WCF2025_W3,NATALIA GROSSMAN,5,3,LL,H8-0
WCF2025_W3,NATALIA GROSSMAN,5,3,RL,H9-1
WCF2025_W3,NATALIA GROSSMAN,5,4,RH,H12-2
WCF2025_W3,NATALIA GROSSMAN,5,4,LH,H12-1
WCF2025_W3,NATALIA GROSSMAN,5,4,RL,H10-0
WCF2025_W3,NATALIA GROSSMAN,5,4,LL,H9-1
WCF2025_W3,ZELIA AVEZOU,1,1,LH,H11-3
WCF2025_W3,ZELIA AVEZOU,1,1,RH,H11-4
WCF2025_W3,ZELIA AVEZOU,1,1,LH,H1-1
WCF2025_W3,ZELIA AVEZOU,1,1,RH,H1-2
WCF2025_W3,ZELIA AVEZOU,2,1,LH,H11-3
WCF2025_W3,ZELIA AVEZOU,2,1,RH,H11-4
WCF2025_W3,ZELIA AVEZOU,3,1,LH,H11-3
WCF2025_W3,ZELIA AVEZOU,3,1,RH,H11-4
WCF2025_W3,ZELIA AVEZOU,4,1,LH,H11-3
WCF2025_W3,ZELIA AVEZOU,4,1,RH,H11-4
WCF2025_W3,ZELIA AVEZOU,4,1,LH,H1-1
WCF2025_W3,ZELIA AVEZOU,4,1,RH,H1-2
WCF2025_W3,ZELIA AVEZOU,4,2,LL,H2-0
WCF2025_W3,ZELIA AVEZOU,4,2,RL,H3-3
WCF2025_W3,ZELIA AVEZOU,4,2,RL,H4-0
WCF2025_W3,ZELIA AVEZOU,4,2,RH,H7-4
WCF2025_W3,ZELIA AVEZOU,4,3,LL,H8-0
WCF2025_W3,ZELIA AVEZOU,5,1,LH,H11-3
WCF2025_W3,ZELIA AVEZOU,5,1,RH,H11-4
WCF2025_W3,ZELIA AVEZOU,5,1,LH,H1-1
WCF2025_W3,ZELIA AVEZOU,5,1,RH,H1-2
WCF2025_W3,ZELIA AVEZOU,5,2,LL,H2-0
WCF2025_W3,ZELIA AVEZOU,5,2,RL,H4-0
WCF2025_W3,ZELIA AVEZOU,5,2,RH,H7-4
WCF2025_W3,ZELIA AVEZOU,5,3,LL,H8-0
WCF2025_W3,ZELIA AVEZOU,5,3,RL,H9-1
WCF2025_W3,ZELIA AVEZOU,5,4,RH,H12-2
WCF2025_W3,ZELIA AVEZOU,5,4,LH,H12-1
WCF2025_W3,ZELIA AVEZOU,5,4,RL,H10-0
WCF2025_W3,ZELIA AVEZOU,5,4,LL,H9-1
WCF2025_W3,ZELIA AVEZOU,5,5,RH,H13-0
WCF2025_W3,ZELIA AVEZOU,5,5,LH,H13-0
WCF2025_W3,ZELIA AVEZOU,5,5,LL,H12-1
WCF2025_W3,ZELIA AVEZOU,5,5,RL,H12-2
WCF2025_W3,MIHO NONAKA,1,1,LH,H11-3
WCF2025_W3,MIHO NONAKA,1,1,RH,H11-4
WCF2025_W3,MIHO NONAKA,1,1,LH,H1-1
WCF2025_W3,MIHO NONAKA,1,1,RH,H1-2
WCF2025_W3,MIHO NONAKA,1,2,LL,H2-0
WCF2025_W3,MIHO NONAKA,1,2,RL,H4-0
WCF2025_W3,MIHO NONAKA,1,3,LL,H8-0
WCF2025_W3,MIHO NONAKA,2,1,LH,H11-3
WCF2025_W3,MIHO NONAKA,2,1,RH,H11-4
WCF2025_W3,MIHO NONAKA,2,1,LH,H1-1
WCF2025_W3,MIHO NONAKA,2,1,RH,H1-2
WCF2025_W3,MIHO NONAKA,3,1,LH,H11-3
WCF2025_W3,MIHO NONAKA,3,1,RH,H11-4
WCF2025_W3,MIHO NONAKA,3,1,LH,H1-1
WCF2025_W3,MIHO NONAKA,3,1,RH,H1-2
WCF2025_W3,MIHO NONAKA,3,2,LL,H2-0
WCF2025_W3,MIHO NONAKA,3,2,RL,H4-0
WCF2025_W3,MIHO NONAKA,3,3,LL,H8-0
WCF2025_W3,MIHO NONAKA,4,1,LH,H11-3
WCF2025_W3,MIHO NONAKA,4,1,RH,H11-4
WCF2025_W3,MIHO NONAKA,4,1,LH,H1-1
WCF2025_W3,MIHO NONAKA,4,1,RH,H1-2
WCF2025_W3,MIHO NONAKA,4,2,LL,H2-0
WCF2025_W3,MIHO NONAKA,4,2,RL,H4-0
WCF2025_W3,MIHO NONAKA,4,3,LL,H8-0
WCF2025_W3,MIHO NONAKA,4,3,RL,H9-1
WCF2025_W3,MIHO NONAKA,5,1,LH,H11-3
WCF2025_W3,MIHO NONAKA,5,1,RH,H11-4
WCF2025_W3,MIHO NONAKA,5,1,LH,H1-1
WCF2025_W3,MIHO NONAKA,5,1,RH,H1-2
WCF2025_W3,MIHO NONAKA,5,2,LL,H2-0
WCF2025_W3,MIHO NONAKA,5,2,RL,H4-0
WCF2025_W3,MIHO NONAKA,5,2,RH,H7-4
WCF2025_W3,MIHO NONAKA,5,3,LL,H8-0
WCF2025_W4,ERIN MCNEICE,1,1,LH,H5-0
WCF2025_W4,ERIN MCNEICE,1,1,RH,H5-0
WCF2025_W4,ERIN MCNEICE,1,1,LL,H1-1
WCF2025_W4,ERIN MCNEICE,1,1,RL,H3-1
WCF2025_W4,ERIN MCNEICE,2,1,LH,H5-0
WCF2025_W4,ERIN MCNEICE,2,1,RH,H5-0
WCF2025_W4,ERIN MCNEICE,2,1,LL,H1-1
WCF2025_W4,ERIN MCNEICE,2,1,RL,H3-1
WCF2025_W4,ERIN MCNEICE,2,2,RH,H12-0
WCF2025_W4,ERIN MCNEICE,2,2,LH,H6-1
WCF2025_W4,ERIN MCNEICE,2,2,LL,H6-1
WCF2025_W4,ERIN MCNEICE,2,2,LH,H12-0
WCF2025_W4,ERIN MCNEICE,2,2,RL,H6-1
WCF2025_W4,ERIN MCNEICE,2,3,RL,H7-1
WCF2025_W4,ERIN MCNEICE,2,3,RH,H13-3
WCF2025_W4,ERIN MCNEICE,2,3,LH,H13-3
WCF2025_W4,ERIN MCNEICE,2,3,LL,H7-3
WCF2025_W4,ERIN MCNEICE,2,4,RH,H17-0
WCF2025_W4,ERIN MCNEICE,2,4,LL,H12-0
WCF2025_W4,ERIN MCNEICE,2,5,RH,H18-0
WCF2025_W4,ERIN MCNEICE,2,5,LL,H13-3
WCF2025_W4,ERIN MCNEICE,2,5,LH,H14-2
WCF2025_W4,ERIN MCNEICE,2,5,LH,H17-0
WCF2025_W4,ERIN MCNEICE,2,5,RL,H13-3
WCF2025_W4,ERIN MCNEICE,3,1,LH,H5-0
WCF2025_W4,ERIN MCNEICE,3,1,RH,H5-0
WCF2025_W4,ERIN MCNEICE,3,1,LL,H1-1
WCF2025_W4,ERIN MCNEICE,3,1,RL,H3-1
WCF2025_W4,ERIN MCNEICE,4,1,LH,H5-0
WCF2025_W4,ERIN MCNEICE,4,1,RH,H5-0
WCF2025_W4,ERIN MCNEICE,4,1,LL,H1-1
WCF2025_W4,ERIN MCNEICE,4,1,RL,H3-1
WCF2025_W4,ERIN MCNEICE,4,2,RH,H12-0
WCF2025_W4,ERIN MCNEICE,4,2,LH,H6-1
WCF2025_W4,ERIN MCNEICE,4,2,LL,H6-1
WCF2025_W4,ERIN MCNEICE,4,3,LH,H12-0
WCF2025_W4,ERIN MCNEICE,4,3,RL,H7-1
WCF2025_W4,ERIN MCNEICE,4,4,RH,H13-3
WCF2025_W4,ERIN MCNEICE,4,4,LL,H12-0
WCF2025_W4,ERIN MCNEICE,4,4,LH,H13-3
WCF2025_W4,ERIN MCNEICE,4,5,RH,H17-0
WCF2025_W4,ERIN MCNEICE,4,6,RH,H18-0
WCF2025_W4,ERIN MCNEICE,4,6,LL,H13-3
WCF2025_W4,ERIN MCNEICE,4,6,LH,H17-0
WCF2025_W4,ERIN MCNEICE,4,6,RL,H13-3
WCF2025_W4,AGATHE CALLIET,1,1,LH,H5-0
WCF2025_W4,AGATHE CALLIET,1,1,RH,H5-0
WCF2025_W4,AGATHE CALLIET,1,1,LL,H1-1
WCF2025_W4,AGATHE CALLIET,1,1,RL,H3-1
WCF2025_W4,AGATHE CALLIET,1,2,RH,H12-0
WCF2025_W4,AGATHE CALLIET,1,2,LH,H6-1
WCF2025_W4,AGATHE CALLIET,1,3,LL,H6-1
WCF2025_W4,AGATHE CALLIET,1,3,RL,H6-1
WCF2025_W4,AGATHE CALLIET,1,3,LH,H12-0
WCF2025_W4,AGATHE CALLIET,1,4,RL,H7-1
WCF2025_W4,AGATHE CALLIET,2,1,LH,H5-0
WCF2025_W4,AGATHE CALLIET,2,1,RH,H5-0
WCF2025_W4,AGATHE CALLIET,2,1,LL,H1-1
WCF2025_W4,AGATHE CALLIET,2,1,RL,H3-1
WCF2025_W4,AGATHE CALLIET,2,2,RH,H12-0
WCF2025_W4,AGATHE CALLIET,2,2,LH,H6-1
WCF2025_W4,AGATHE CALLIET,2,3,LL,H6-1
WCF2025_W4,AGATHE CALLIET,2,3,RL,H6-1
WCF2025_W4,AGATHE CALLIET,2,3,LH,H12-0
WCF2025_W4,AGATHE CALLIET,2,4,RL,H7-1
WCF2025_W4,AGATHE CALLIET,2,4,RH,H13-3
WCF2025_W4,AGATHE CALLIET,3,1,LH,H5-0
WCF2025_W4,AGATHE CALLIET,3,1,RH,H5-0
WCF2025_W4,AGATHE CALLIET,3,1,LL,H1-1
WCF2025_W4,AGATHE CALLIET,3,1,RL,H3-1
WCF2025_W4,AGATHE CALLIET,4,1,LH,H5-0
WCF2025_W4,AGATHE CALLIET,4,1,RH,H5-0
WCF2025_W4,AGATHE CALLIET,4,1,LL,H1-1
WCF2025_W4,AGATHE CALLIET,4,1,RL,H3-1
WCF2025_W4,AGATHE CALLIET,4,2,RH,H12-0
WCF2025_W4,AGATHE CALLIET,4,2,LH,H6-1
WCF2025_W4,AGATHE CALLIET,4,3,LL,H6-1
WCF2025_W4,AGATHE CALLIET,4,3,RL,H6-1
WCF2025_W4,AGATHE CALLIET,4,3,LH,H12-0
WCF2025_W4,AGATHE CALLIET,4,4,RL,H7-1
WCF2025_W4,AGATHE CALLIET,4,4,RH,H13-3
WCF2025_W4,AGATHE CALLIET,4,4,LL,H7-1
WCF2025_W4,AGATHE CALLIET,5,1,LH,H5-0
WCF2025_W4,AGATHE CALLIET,5,1,RH,H5-0
WCF2025_W4,AGATHE CALLIET,5,1,LL,H1-1
WCF2025_W4,AGATHE CALLIET,5,1,RL,H3-1
WCF2025_W4,AGATHE CALLIET,5,2,RH,H12-0
WCF2025_W4,AGATHE CALLIET,5,2,LH,H6-1
WCF2025_W4,AGATHE CALLIET,5,3,LL,H6-1
WCF2025_W4,AGATHE CALLIET,5,3,RL,H6-1
WCF2025_W4,AGATHE CALLIET,5,3,LH,H12-0
WCF2025_W4,AGATHE CALLIET,5,4,RL,H7-1
WCF2025_W4,AGATHE CALLIET,5,4,RH,H13-3
WCF2025_W4,AGATHE CALLIET,5,4,LL,H7-1
WCF2025_W4,AGATHE CALLIET,5,5,RL,H9-0
WCF2025_W4,AGATHE CALLIET,6,1,LH,H5-0
WCF2025_W4,AGATHE CALLIET,6,1,RH,H5-0
WCF2025_W4,AGATHE CALLIET,6,1,LL,H1-1
WCF2025_W4,AGATHE CALLIET,6,1,RL,H3-1
WCF2025_W4,AGATHE CALLIET,6,2,RH,H12-0
WCF2025_W4,AGATHE CALLIET,6,2,LH,H6-1
WCF2025_W4,AGATHE CALLIET,6,3,LL,H6-1
WCF2025_W4,AGATHE CALLIET,6,3,RL,H6-1
WCF2025_W4,AGATHE CALLIET,6,3,LH,H12-0
WCF2025_W4,AGATHE CALLIET,6,4,RL,H7-1
WCF2025_W4,AGATHE CALLIET,6,4,RH,H13-3
WCF2025_W4,AGATHE CALLIET,6,4,LL,H7-1
WCF2025_W4,ANNIE SANDERS,1,1,LH,H5-0
WCF2025_W4,ANNIE SANDERS,1,1,RH,H5-0
WCF2025_W4,ANNIE SANDERS,1,1,LL,H1-1
WCF2025_W4,ANNIE SANDERS,1,1,RL,H3-1
WCF2025_W4,ANNIE SANDERS,1,2,RH,H12-0
WCF2025_W4,ANNIE SANDERS,1,2,LH,H6-1
WCF2025_W4,ANNIE SANDERS,1,3,LL,H6-1
WCF2025_W4,ANNIE SANDERS,1,3,RL,H6-1
WCF2025_W4,ANNIE SANDERS,1,3,LH,H12-0
WCF2025_W4,ANNIE SANDERS,1,4,RL,H7-1
WCF2025_W4,ANNIE SANDERS,1,4,RH,H13-3
WCF2025_W4,ANNIE SANDERS,1,4,LL,H12-0
WCF2025_W4,ANNIE SANDERS,1,4,LH,H13-1
WCF2025_W4,ANNIE SANDERS,1,5,RH,H18-0
WCF2025_W4,ANNIE SANDERS,1,5,LL,H7-1
WCF2025_W4,ANNIE SANDERS,1,5,RL,H9-0
WCF2025_W4,ANNIE SANDERS,1,6,LL,H13-3
WCF2025_W4,ANNIE SANDERS,1,6,LH,H14-2
WCF2025_W4,ANNIE SANDERS,1,7,LH,H16-1
WCF2025_W4,ANNIE SANDERS,1,8,RH,H16-2
WCF2025_W4,NATALIA GROSSMAN,1,1,LH,H5-0
WCF2025_W4,NATALIA GROSSMAN,1,1,RH,H5-0
WCF2025_W4,NATALIA GROSSMAN,1,1,LL,H1-1
WCF2025_W4,NATALIA GROSSMAN,1,1,RL,H3-1
WCF2025_W4,NATALIA GROSSMAN,1,2,RH,H12-0
WCF2025_W4,NATALIA GROSSMAN,1,2,LH,H6-1
WCF2025_W4,NATALIA GROSSMAN,1,3,LL,H6-1
WCF2025_W4,NATALIA GROSSMAN,1,3,RL,H6-1
WCF2025_W4,NATALIA GROSSMAN,1,3,LH,H12-0
WCF2025_W4,NATALIA GROSSMAN,1,4,RH,H13-3
WCF2025_W4,NATALIA GROSSMAN,1,4,RL,H7-2
WCF2025_W4,NATALIA GROSSMAN,1,4,LL,H7-1
WCF2025_W4,NATALIA GROSSMAN,1,4,LH,H13-1
WCF2025_W4,NATALIA GROSSMAN,2,1,LH,H5-0
WCF2025_W4,NATALIA GROSSMAN,2,1,RH,H5-0
WCF2025_W4,NATALIA GROSSMAN,2,1,LL,H1-1
WCF2025_W4,NATALIA GROSSMAN,2,1,RL,H3-1
WCF2025_W4,NATALIA GROSSMAN,2,2,RH,H12-0
WCF2025_W4,NATALIA GROSSMAN,2,2,LH,H6-1
WCF2025_W4,NATALIA GROSSMAN,2,3,LL,H6-1
WCF2025_W4,NATALIA GROSSMAN,2,3,RL,H6-1
WCF2025_W4,NATALIA GROSSMAN,2,3,LH,H12-0
WCF2025_W4,NATALIA GROSSMAN,2,4,RL,H7-2
WCF2025_W4,NATALIA GROSSMAN,2,4,RH,H13-3
WCF2025_W4,NATALIA GROSSMAN,2,4,LL,H7-1
WCF2025_W4,NATALIA GROSSMAN,3,1,LH,H5-0
WCF2025_W4,NATALIA GROSSMAN,3,1,RH,H5-0
WCF2025_W4,NATALIA GROSSMAN,3,1,LL,H1-1
WCF2025_W4,NATALIA GROSSMAN,3,1,RL,H3-1
WCF2025_W4,NATALIA GROSSMAN,4,1,LH,H5-0
WCF2025_W4,NATALIA GROSSMAN,4,1,RH,H5-0
WCF2025_W4,NATALIA GROSSMAN,4,1,LL,H1-1
WCF2025_W4,NATALIA GROSSMAN,4,1,RL,H3-1
WCF2025_W4,NATALIA GROSSMAN,4,1,LH,H5-0
WCF2025_W4,NATALIA GROSSMAN,4,1,RH,H5-0
WCF2025_W4,NATALIA GROSSMAN,4,1,LL,H1-1
WCF2025_W4,NATALIA GROSSMAN,4,1,RL,H3-1
WCF2025_W4,NATALIA GROSSMAN,4,2,RH,H12-0
WCF2025_W4,NATALIA GROSSMAN,4,2,LH,H6-1
WCF2025_W4,NATALIA GROSSMAN,4,3,LL,H6-1
WCF2025_W4,NATALIA GROSSMAN,4,3,RL,H6-1
WCF2025_W4,NATALIA GROSSMAN,4,3,LH,H12-0
WCF2025_W4,NATALIA GROSSMAN,4,4,RL,H7-2
WCF2025_W4,NATALIA GROSSMAN,4,4,RL,H6-2
WCF2025_W4,NATALIA GROSSMAN,4,5,RH,H17-0
WCF2025_W4,NATALIA GROSSMAN,4,6,RL,H7-2
WCF2025_W4,ZELIA AVEZOU,1,1,LH,H5-0
WCF2025_W4,ZELIA AVEZOU,1,1,RH,H5-0
WCF2025_W4,ZELIA AVEZOU,1,1,LL,H1-1
WCF2025_W4,ZELIA AVEZOU,1,1,RL,H3-1
WCF2025_W4,ZELIA AVEZOU,1,2,LH,H12-0
WCF2025_W4,ZELIA AVEZOU,1,2,RH,H12-0
WCF2025_W4,ZELIA AVEZOU,1,2,LL,H6-1
WCF2025_W4,ZELIA AVEZOU,1,2,RL,H6-1
WCF2025_W4,ZELIA AVEZOU,1,3,RH,H13-4
WCF2025_W4,ZELIA AVEZOU,1,3,RL,H7-1
WCF2025_W4,ZELIA AVEZOU,2,1,LH,H5-0
WCF2025_W4,ZELIA AVEZOU,2,1,RH,H5-0
WCF2025_W4,ZELIA AVEZOU,2,1,LL,H1-1
WCF2025_W4,ZELIA AVEZOU,2,1,RL,H3-1
WCF2025_W4,ZELIA AVEZOU,2,2,LH,H12-0
WCF2025_W4,ZELIA AVEZOU,2,2,RH,H12-0
WCF2025_W4,ZELIA AVEZOU,2,2,LL,H6-1
WCF2025_W4,ZELIA AVEZOU,2,2,RL,H6-1
WCF2025_W4,ZELIA AVEZOU,2,3,RH,H13-4
WCF2025_W4,ZELIA AVEZOU,2,3,RL,H7-1
WCF2025_W4,ZELIA AVEZOU,3,1,LH,H5-0
WCF2025_W4,ZELIA AVEZOU,3,1,RH,H5-0
WCF2025_W4,ZELIA AVEZOU,3,1,LL,H1-1
WCF2025_W4,ZELIA AVEZOU,3,1,RL,H3-1
WCF2025_W4,ZELIA AVEZOU,4,1,LH,H5-0
WCF2025_W4,ZELIA AVEZOU,4,1,RH,H5-0
WCF2025_W4,ZELIA AVEZOU,4,1,LL,H1-1
WCF2025_W4,ZELIA AVEZOU,4,1,RL,H3-1
WCF2025_W4,ZELIA AVEZOU,5,1,LH,H5-0
WCF2025_W4,ZELIA AVEZOU,5,1,RH,H5-0
WCF2025_W4,ZELIA AVEZOU,5,1,LL,H1-1
WCF2025_W4,ZELIA AVEZOU,5,1,RL,H3-1
WCF2025_W4,ZELIA AVEZOU,5,2,LH,H12-0
WCF2025_W4,ZELIA AVEZOU,5,2,RH,H12-0
WCF2025_W4,ZELIA AVEZOU,5,2,LL,H6-1
WCF2025_W4,ZELIA AVEZOU,5,2,RL,H6-1
WCF2025_W4,ZELIA AVEZOU,5,3,RH,H13-4
WCF2025_W4,ZELIA AVEZOU,5,3,RL,H7-1
WCF2025_W4,ZELIA AVEZOU,5,4,LL,H12-0
WCF2025_W4,ZELIA AVEZOU,5,4,LH,H13-3
WCF2025_W4,ZELIA AVEZOU,6,1,LH,H5-0
WCF2025_W4,ZELIA AVEZOU,6,1,RH,H5-0
WCF2025_W4,ZELIA AVEZOU,6,1,LL,H1-1
WCF2025_W4,ZELIA AVEZOU,6,1,RL,H3-1
WCF2025_W4,ZELIA AVEZOU,7,1,LH,H5-0
WCF2025_W4,ZELIA AVEZOU,7,1,RH,H5-0
WCF2025_W4,ZELIA AVEZOU,7,1,LL,H1-1
WCF2025_W4,ZELIA AVEZOU,7,1,RL,H3-1
WCF2025_W4,ZELIA AVEZOU,7,2,LH,H12-0
WCF2025_W4,ZELIA AVEZOU,7,2,RH,H12-0
WCF2025_W4,ZELIA AVEZOU,7,2,LL,H6-1
WCF2025_W4,ZELIA AVEZOU,7,2,RL,H6-1
WCF2025_W4,ZELIA AVEZOU,7,3,RL,H7-1
WCF2025_W4,ZELIA AVEZOU,7,3,RH,H13-4
WCF2025_W4,ZELIA AVEZOU,8,1,LH,H5-0
WCF2025_W4,ZELIA AVEZOU,8,1,RH,H5-0
WCF2025_W4,ZELIA AVEZOU,8,1,LL,H1-1
WCF2025_W4,ZELIA AVEZOU,8,1,RL,H3-1
WCF2025_W4,MIHO NONAKA,1,1,LH,H5-0
WCF2025_W4,MIHO NONAKA,1,1,RH,H5-0
WCF2025_W4,MIHO NONAKA,1,1,LL,H1-1
WCF2025_W4,MIHO NONAKA,1,1,RL,H3-1
WCF2025_W4,MIHO NONAKA,1,2,LH,H12-0
WCF2025_W4,MIHO NONAKA,1,2,RH,H12-0
WCF2025_W4,MIHO NONAKA,1,2,LL,H6-1
WCF2025_W4,MIHO NONAKA,1,2,RL,H6-1
WCF2025_W4,MIHO NONAKA,1,3,RL,H7-1
WCF2025_W4,MIHO NONAKA,1,3,RL,H6-1
WCF2025_W4,MIHO NONAKA,1,4,RH,H13-4
WCF2025_W4,MIHO NONAKA,1,4,RH,H17-0
WCF2025_W4,MIHO NONAKA,1,4,LL,H12-0
WCF2025_W4,MIHO NONAKA,1,5,RL,H7-2
WCF2025_W4,MIHO NONAKA,1,5,LL,H7-1
WCF2025_W4,MIHO NONAKA,1,5,LH,H13-3
WCF2025_W4,MIHO NONAKA,1,5,RH,H13-4
WCF2025_W4,MIHO NONAKA,1,6,RH,H17-0
WCF2025_W4,MIHO NONAKA,1,7,LL,H12-0
WCF2025_W4,MIHO NONAKA,1,7,RH,H13-3
WCF2025_W4,MIHO NONAKA,2,1,LH,H5-0
WCF2025_W4,MIHO NONAKA,2,1,RH,H5-0
WCF2025_W4,MIHO NONAKA,2,1,LL,H1-1
WCF2025_W4,MIHO NONAKA,2,1,RL,H3-1
WCF2025_W4,MIHO NONAKA,2,2,LH,H12-0
WCF2025_W4,MIHO NONAKA,2,2,RH,H12-0
WCF2025_W4,MIHO NONAKA,2,2,LL,H6-1
WCF2025_W4,MIHO NONAKA,2,2,RL,H6-1
WCF2025_W4,MIHO NONAKA,2,3,LL,H12-0
WCF2025_W4,MIHO NONAKA,2,3,RH,H13-3
WCF2025_W4,MIHO NONAKA,2,4,LL,H6-1
WCF2025_W4,MIHO NONAKA,2,4,RL,H7-2
WCF2025_W4,MIHO NONAKA,2,4,LH,H13-3
WCF2025_W4,MIHO NONAKA,2,5,LL,H12-0
WCF2025_W4,MIHO NONAKA,2,5,RH,H13-3
WCF2025_W4,MIHO NONAKA,2,5,RH,H17-0
WCF2025_W4,MIHO NONAKA,2,6,RH,H18-0
WCF2025_W4,MIHO NONAKA,2,6,RL,H9-0
WCF2025_W4,MIHO NONAKA,2,6,RL,H8-0
WCF2025_W4,MIHO NONAKA,2,1,LH,H5-0
WCF2025_W4,MIHO NONAKA,2,1,RH,H5-0
WCF2025_W4,MIHO NONAKA,2,1,LL,H1-1
WCF2025_W4,MIHO NONAKA,2,1,RL,H3-1
WCF2025_W4,MIHO NONAKA,2,2,LH,H12-0
WCF2025_W4,MIHO NONAKA,2,2,RH,H12-0
WCF2025_W4,MIHO NONAKA,2,2,LL,H6-1
WCF2025_W4,MIHO NONAKA,2,2,RL,H6-1
WCF2025_W4,MIHO NONAKA,2,3,LL,H12-0
WCF2025_W4,MIHO NONAKA,2,3,RH,H13-3
WCF2025_W4,MIHO NONAKA,2,4,LL,H6-1
WCF2025_W4,MIHO NONAKA,2,4,RL,H7-2
WCF2025_W4,MIHO NONAKA,2,4,LH,H13-3
WCF2025_W4,MIHO NONAKA,2,5,LL,H12-0
WCF2025_W4,MIHO NONAKA,2,5,RH,H13-3
WCF2025_W4,MIHO NONAKA,2,5,RH,H17-0
WCF2025_W4,MIHO NONAKA,2,6,RH,H18-0
WCF2025_W4,MIHO NONAKA,2,6,RL,H9-0